Artist,Title,Release Date,Rating,Run Time,Genre,Songs,Decade,English?
Frank Sinatra,In the Wee Small Hours,1955,6,0:49:52,Jazz,16,1950,Y
The Louvin Brothers,Tragic Songs of Life,1956,1,0:33:55,Country,12,1950,Y
Elvis Presley,Elvis Presley,1956,4,0:28:03,Rock,12,1950,Y
Frank Sinatra,Songs for Swingin' Lovers!,1956,6,0:43:59,Jazz,15,1950,Y
Louis Prima,The Wildest!,1956,7,0:32:00,Jazz,10,1950,Y
Duke Ellington,Ellington at Newport,1956,8,0:43:53,Jazz,5,1950,Y
The Crickets,The Chirping Crickets,1957,3,0:26:02,Rock,12,1950,Y
Little Richard,Here's Little Richard,1957,4,0:28:30,Rock,12,1950,Y
Fats Domino,This Is Fats,1957,6,0:24:31,Rock,12,1950,Y
Sabu,Palo congo,1957,7,0:40:51,JAzz,8,1950,N
Miles Davis,Birth of the Cool,1957,8,0:35:29,Jazz,11,1950,Y
Thelonious Monk,Brilliant Corners,1957,9,0:42:47,Jazz,5,1950,Y
Ramblin' Jack Elliott,Jack Takes the Floor,1958,3,0:43:49,Folk,11,1950,Y
Tito Puente,Dance Mania,1958,5,0:37:50,Jazz,12,1950,N
Machito,Kenya,1958,6,0:35:15,Jazz,12,1950,N
Sarah Vaughan and Her Trio,At Mister Kelly's,1958,7,1:12:40,Jazz,20,1950,Y
Count Basie and His Orchestra + Neal Hefti Arrangements,The Atomic Mr. Basie,1958,8,0:39:30,Jazz,11,1950,Y
Billie Holiday & Ray Ellis and His Orchestra,Lady in Satin,1958,9,0:44:36,Jazz,12,1950,Y
Ravi Shankar,The Sounds of India,1958,9,0:53:40,Indian,5,1950,N
Ray Charles,The Genius of Ray Charles,1959,5,0:37:47,Jazz,12,1950,Y
Ella Fitzgerald,Ella Fitzgerald Sings the George and Ira Gershwin Song Book,1959,6,3:12:11,Jazz,59,1950,Y
Marty Robbins,Gunfighter Ballads and Trail Songs,1959,8,0:35:25,Country,12,1950,Y
Dave Brubeck,Time Out,1959,9,0:38:30,Jazz,7,1950,Y
Miles Davis,Kind of Blue,1959,9,0:45:44,Jazz,5,1950,Y
The Everly Brothers,A Date With The Everly Brothers,1960,2,0:27:55,Country,12,1960,Y
Elvis Presley,Elvis Is Back!,1960,4,0:31:54,Rock,12,1960,Y
Joan Baez,Joan Baez,1960,8,0:46:02,Folk,13,1960,Y
Muddy Waters,Muddy Waters at Newport 1960,1960,8,0:32:38,Blues,9,1960,Y
Miriam Makeba,Miriam Makeba,1961,8,0:34:42,African,14,1960,N
Bill Evans Trio,Sunday at the Village Vanguard,1961,8,0:42:03,Jazz,6,1960,Y
Ray Charles,Modern Sounds in Country and Western Music,1962,4,0:39:33,Country,12,1960,Y
Stan Getz & Charlie Byrd,Jazz Samba,1962,8,0:33:12,Jazz,7,1960,Y
Booker T. & The M.G.'s,Green Onions,1962,9,0:34:55,RnB,12,1960,Y
Ray Price,Night Life,1963,2,0:37:36,Country,12,1960,Y
Bob Dylan,The Freewheelin' Bob Dylan,1963,5,0:44:14,Folk,13,1960,Y
Jimmy Smith,Back at the Chicken Shack,1963,5,0:37:50,Jazz,4,1960,Y
James Brown,'Live' at the Apollo,1963,6,0:31:31,RnB,8,1960,Y
The Beatles,With The Beatles,1963,6,0:33:07,Rock,14,1960,Y
Various Artists,A Christmas Gift for You From Philles Records,1963,8,0:34:12,Pop,13,1960,Y
Mingus,The Black Saint and the Sinner Lady,1963,9,0:39:25,Jazz,4,1960,Y
Dusty Springfield,A Girl Called Dusty,1964,4,0:32:54,Pop,12,1960,Y
Solomon Burke,Rock 'n Soul,1964,4,0:34:06,Soul,12,1960,Y
Jerry Lee Lewis,"Live at the Star-Club, Hamburg",1964,5,0:37:02,Rock,13,1960,Y
The Rolling Stones,The Rolling Stones,1964,5,0:33:24,Rock,12,1960,Y
Jacques Brel,Olympia 64,1964,7,0:25:52,Folk,8,1960,N
The Beatles,A Hard Day's Night,1964,8,0:30:09,Rock,12,1960,Y
Stan Getz & Joao Gilberto featuring Antonio Carlos Jobim,Getz / Gilberto,1964,8,0:33:46,Jazz,8,1960,N
Buck Owens and His Buckaroos,I've Got a Tiger by the Tail,1965,1,0:31:59,Country,12,1960,Y
Bob Dylan,Highway 61 Revisited,1965,2,0:51:26,Folk,9,1960,Y
Bob Dylan,Bringing It All Back Home,1965,3,0:47:21,Folk,11,1960,Y
The Who,My Generation,1965,5,0:36:13,Rock,12,1960,Y
Bert Jansch,Bert Jansch,1965,7,0:39:19,Folk,15,1960,Y
The Beach Boys,The Beach Boys Today!,1965,7,0:28:54,Pop,12,1960,Y
The Sonics,Here Are The Sonics!!!,1965,8,0:28:48,Rock,12,1960,Y
B.B. King,Live at the Regal,1965,8,0:34:46,Blues,10,1960,Y
The Byrds,Mr. Tambourine Man,1965,8,0:31:35,Rock,12,1960,Y
Otis Redding,Otis Blue: Otis Redding Sings Soul,1965,8,0:32:22,Soul,11,1960,Y
John Coltrane,A Love Supreme,1965,9,0:32:47,Jazz,4,1960,Y
The Beatles,Rubber Soul,1965,9,0:34:59,Rock,14,1960,Y
Bob Dylan,Blonde on Blonde,1966,4,1:12:57,Folk,14,1960,Y
The Mama's and The Papa's,If You Can Believe Your Eyes and Ears,1966,4,0:33:45,Rock,12,1960,Y
The Rolling Stones,Aftermath,1966,6,0:52:23,Rock,14,1960,Y
John Mayall with Eric Clapton,Blues Breakers,1966,6,0:37:39,Rock,12,1960,Y
Paul Revere & The Raiders,Midnight Ride,1966,6,0:27:17,Rock,11,1960,Y
Donovan,Sunshine Superman,1966,6,0:41:23,Folk,10,1960,Y
Love,Da Capo,1966,7,0:35:54,Rock,7,1960,Y
The 13th Floor Elevators,The Psychedelic Sounds of The 13th Floor Elevators,1966,7,0:34:31,Rock,11,1960,Y
Yardbirds,Yardbirds [Roger the Engineer],1966,7,0:31:47,Rock,12,1960,Y
The Beach Boys,Pet Sounds,1966,8,0:35:01,Pop,13,1960,Y
The Byrds,Fifth Dimension,1966,8,0:28:34,Rock,11,1960,Y
The Mothers of Invention,Freak Out!,1966,8,1:00:05,Rock,14,1960,Y
Simon & Garfunkel,"Parsley, Sage, Rosemary and Thyme",1966,8,0:27:55,Folk,12,1960,Y
Monks,Black Monk Time,1966,9,0:30:00,Rock,12,1960,Y
The Kinks,Face to Face,1966,9,0:38:31,Rock,14,1960,Y
Nina Simone,Wild Is the Wind,1966,9,0:38:34,Jazz,11,1960,Y
The Beatles,Revolver,1966,10,0:35:01,Rock,14,1960,Y
Loretta Lynn,Don't Come Home a Drinkin' (With Lovin' on Your Mind),1967,1,0:30:14,Country,12,1960,Y
Merle Haggard and The Strangers,I'm a Lonesome Fugitive,1967,1,0:31:01,Country,12,1960,Y
The Young Rascals,Groovin',1967,4,0:33:42,Rock,11,1960,Y
The Monkees,Headquarters,1967,4,0:29:59,Pop,14,1960,Y
The Beau Brummels,Triangle,1967,5,0:28:48,Folk,11,1960,Y
Country Joe & The Fish,Electric Music for the Mind and Body,1967,5,0:43:16,Rock,11,1960,Y
Francis Albert Sinatra & Antonio Carlos Jobim,Francis Albert Sinatra & Antonio Carlos Jobim,1967,5,0:27:47,Jazz,10,1960,Y
The Electric Prunes,The Electric Prunes,1967,5,0:29:15,Rock,12,1960,Y
The Who,The Who Sell Out,1967,5,0:38:46,Rock,13,1960,Y
Astrud Gilberto,Beach Samba,1967,6,0:27:11,Jazz,12,1960,Y
Captain Beefheart and His Magic Band,Safe as Milk,1967,6,0:33:17,Rock,12,1960,Y
Pink Floyd,The Piper at the Gates of Dawn,1967,6,0:41:54,Rock,11,1960,Y
Fred Neil,Fred Neil,1967,7,0:37:56,Folk,10,1960,Y
The Kinks,Something Else by The Kinks,1967,7,0:36:02,Rock,13,1960,Y
Jefferson Airplane,Surrealistic Pillow,1967,7,0:33:40,Rock,11,1960,Y
Tim Buckley,Goodbye and Hello,1967,8,0:42:41,Folk,10,1960,Y
Buffalo Springfield,Buffalo Springfield Again,1967,8,0:33:01,Rock,10,1960,Y
Nico,Chelsea Girl,1967,8,0:45:06,Folk,10,1960,Y
Love,Forever Changes,1967,8,0:42:05,Pop,11,1960,Y
Moby Grape,Moby Grape,1967,8,0:30:47,Rock,13,1960,Y
Leonard Cohen,Songs of Leonard Cohen,1967,8,0:41:03,Folk,10,1960,Y
The Byrds,Younger Than Yesterday,1967,8,0:29:11,Rock,11,1960,Y
The Doors,The Doors,1967,9,0:43:25,Rock,11,1960,Y
The Jimi Hendrix Experience,Axis: Bold as Love,1967,9,0:39:40,Rock,13,1960,Y
The Jimi Hendrix Experience,Are You Experienced,1967,10,0:38:34,Rock,11,1960,Y
Cream,Disraeli Gears,1967,10,0:33:02,Rock,11,1960,Y
Aretha Franklin,I Never Loved a Man the Way I Love You,1967,10,0:32:06,Soul,11,1960,Y
The Beatles,Sgt. Pepper's Lonely Hearts Club Band,1967,10,0:39:36,Rock,13,1960,Y
The Velvet Underground & Nico,The Velvet Underground & Nico,1967,10,0:47:51,Rock,11,1960,Y
Van Morrison,Astral Weeks,1968,3,0:43:05,Folk,8,1960,Y
"Dr. John, the Night Tripper",Gris-Gris,1968,3,0:33:19,RnB,7,1960,Y
Iron Butterfly,In-A-Gadda-Da-Vida,1968,3,0:36:00,Rock,6,1960,Y
The Byrds,Sweetheart of the Rodeo,1968,5,0:32:35,Rock,11,1960,Y
The Incredible String Band,The Hangman's Beautiful Daughter,1968,5,0:48:51,Folk,10,1960,Y
Blue Cheer,Vincebus Eruptum,1968,5,0:32:07,Rock,6,1960,Y
The Rolling Stones,Beggars Banquet,1968,6,0:39:43,Rock,10,1960,Y
Small Faces,Ogdens' Nut Gone Flake,1968,6,0:38:18,Rock,12,1960,Y
Jeff Beck,Truth,1968,6,0:40:41,Rock,10,1960,Y
Caetano Veloso,Caetano Veloso,1968,7,0:35:03,Rock,12,1960,Y
Johnny Cash,At Folsom Prison,1968,8,0:45:05,Country,16,1960,Y
Simon & Garfunkel,Bookends,1968,8,0:29:13,Folk,13,1960,Y
Big Brother & The Holding Company,Cheap Thrills,1968,8,0:37:09,Rock,7,1960,Y
Laura Nyro,Eli and the Thirteenth Confession,1968,8,0:46:15,Soul,13,1960,Y
Os Mutantes,Os Mutantes,1968,8,0:36:01,Rock,11,1960,N
Scott Walker,Scott 2,1968,8,0:43:42,Pop,12,1960,Y
The Kinks,The Kinks Are the Village Green Preservation Society,1968,8,0:39:48,Rock,15,1960,Y
The Byrds,The Notorious Byrd Brothers,1968,8,0:28:28,Rock,11,1960,Y
Traffic,Traffic,1968,8,0:40:44,Rock,10,1960,Y
The Mothers of Invention,We're Only in It for the Money,1968,8,0:40:18,Rock,18,1960,Y
The Velvet Underground,White Light / White Heat,1968,8,0:38:55,Rock,6,1960,Y
The Zombies,Odessey and Oracle,1968,8,0:35:18,Pop,12,1960,Y
"Shivkumar Sharma, Brij Bhushan Kabra & Hariprasad Chaurasia",Call of the Valley,1968,9,0:39:46,Indian,5,1960,N
The Jimi Hendrix Experience,Electric Ladyland,1968,9,1:14:49,Rock,16,1960,Y
Aretha Franklin,Lady Soul,1968,9,0:28:41,Soul,10,1960,Y
The Beatles,The Beatles [White Album],1968,9,1:33:33,Rock,30,1960,Y
The United States of America,The United States of America,1968,9,0:37:07,Rock,10,1960,Y
The Band,Music From Big Pink,1968,10,0:42:03,Rock,11,1960,Y
The Pretty Things,S.F. Sorrow,1968,10,0:40:59,Rock,13,1960,Y
Dusty Springfield,Dusty in Memphis,1969,3,0:32:39,Pop,11,1960,Y
Elvis Presley,From Elvis in Memphis,1969,3,0:36:42,Rock,12,1960,Y
The Pentangle,Basket of Light,1969,5,0:40:07,Jazz,9,1960,Y
Quicksilver Messenger Service,Happy Trails,1969,5,0:48:41,Rock,5,1960,Y
Fairport Convention,Liege & Lief,1969,5,0:40:33,Rock,8,1960,Y
Bee Gees,Odessa,1969,5,1:03:49,Pop,17,1960,Y
Captain Beefheart & His Magic Band,Trout Mask Replica,1969,5,1:18:19,Rock,28,1960,Y
"Blood, Sweat & Tears","Blood, Sweat & Tears",1969,6,0:45:36,Rock,10,1960,Y
The Flying Burrito Bros,The Gilded Palace of Sin,1969,6,0:37:24,Country,11,1960,Y
The Youngbloods,Elephant Mountain,1969,6,0:40:06,Rock,13,1960,Y
The Temptations,Cloud Nine,1969,7,0:34:35,Soul,10,1960,Y
Scott Engel,Scott 4,1969,7,0:32:28,Pop,10,1960,Y
Sly & The Family Stone,Stand!,1969,7,0:41:27,Funk,8,1960,Y
The Stooges,The Stooges,1969,7,0:34:33,Punk,8,1960,Y
Grateful Dead,Live / Dead,1969,8,1:15:07,Rock,7,1960,Y
The Kinks,Arthur or the Decline and Fall of the British Empire,1969,8,0:49:17,Rock,12,1960,Y
Johnny Cash,At San Quentin,1969,8,0:34:04,Country,10,1960,Y
"Crosby, Stills & Nash","Crosby, Stills & Nash",1969,8,0:40:30,Folk,10,1960,Y
Nick Drake,Five Leaves Left,1969,8,0:41:43,Folk,10,1960,Y
Tim Buckley,Happy Sad,1969,8,0:44:43,Folk,6,1960,Y
Isaac Hayes,Hot Buttered Soul,1969,8,0:45:24,Soul,4,1960,Y
Frank Zappa,Hot Rats,1969,8,0:43:11,Jazz,6,1960,Y
MC5,Kick Out the Jams,1969,8,0:39:52,Punk,8,1960,Y
Rolling Stones,Let It Bleed,1969,8,0:42:13,Rock,9,1960,Y
Alexander Spence,Oar,1969,8,0:44:38,Folk,12,1960,Y
The Velvet Underground,The Velvet Underground,1969,8,0:43:35,Rock,10,1960,Y
Fairport Convention,Unhalfbricking,1969,8,0:38:51,Rock,8,1960,Y
The Who,Tommy,1969,8,1:16:09,Rock,24,1960,Y
The Band,The Band,1969,9,0:43:22,Rock,12,1960,Y
Chicago Transit Authority,Chicago Transit Authority,1969,9,1:16:32,Jazz,12,1960,Y
Neil Young with Crazy Horse,Everybody Knows This Is Nowhere,1969,9,0:40:02,Rock,7,1960,Y
Miles Davis,In a Silent Way,1969,9,0:38:30,Jazz,2,1960,Y
Leonard Cohen,Songs From a Room,1969,9,0:35:32,Folk,10,1960,Y
Led Zeppelin,Led Zeppelin II,1969,10,0:40:44,Rock,9,1960,Y
The Beatles,Abbey Road,1969,10,0:47:03,Rock,17,1960,Y
Creedence Clearwater Revival,Bayou Country,1969,10,0:33:43,Rock,7,1960,Y
Creedence Clearwater Revival,Green River,1969,10,0:28:47,Rock,9,1960,Y
King Crimson,In the Court of the Crimson King,1969,10,0:41:59,Rock,5,1960,Y
Led Zeppelin,Led Zeppelin,1969,10,0:44:46,Rock,9,1960,Y
John Lennon / Plastic Ono Band,John Lennon / Plastic Ono Band,1970,3,0:39:16,Rock,11,1970,Y
Syd Barrett,The Madcap Laughs,1970,3,0:38:23,Rock,13,1970,Y
Rod Stewart,Gasoline Alley,1970,4,0:42:28,Rock,9,1970,Y
Van Morrison,Moondance,1970,4,0:39:08,Rock,10,1970,Y
Carpenters,Close to You,1970,5,0:38:37,Pop,12,1970,Y
Spirit,Twelve Dreams of Dr. Sardonicus,1970,5,0:38:50,Rock,12,1970,Y
Derek and The Dominos,Layla and Other Assorted Love Songs,1970,6,1:17:00,Rock,14,1970,Y
The Who,Live at Leeds,1970,6,0:36:24,Rock,6,1970,Y
James Taylor,Sweet Baby James,1970,6,0:31:14,Folk,11,1970,Y
Soft Machine,Third,1970,7,1:15:43,Jazz,4,1970,Y
Stephen Stills,Stephen Stills,1970,7,0:38:59,Folk,10,1970,Y
Santana,Abraxas,1970,8,0:36:59,Rock,9,1970,Y
Grateful Dead,American Beauty,1970,8,0:42:23,Rock,10,1970,Y
Ananda Shankar,Ananda Shankar,1970,8,0:40:35,Indian,8,1970,Y
The Stooges,Fun House,1970,8,0:36:24,Punk,7,1970,Y
Paul McCartney,McCartney,1970,8,0:33:24,Rock,13,1970,Y
Cat Stevens,Tea for the Tillerman,1970,8,0:36:15,Folk,11,1970,Y
George Harrison,All Things Must Pass,1970,9,1:43:33,Rock,25,1970,Y
Simon and Garfunkel,Bridge Over Troubled Water,1970,9,0:36:46,Folk,11,1970,Y
Deep Purple,Deep Purple in Rock,1970,9,0:43:29,Rock,7,1970,Y
"Crosby, Stills, Nash & Young",Deja  vu,1970,9,0:35:34,Rock,10,1970,Y
Traffic,John Barleycorn Must Die,1970,9,0:35:06,Rock,6,1970,Y
The Doors,Morrison Hotel,1970,9,0:37:05,Rock,11,1970,Y
Neil Young,After the Gold Rush,1970,10,0:33:41,Rock,11,1970,Y
Miles Davis,Bitches Brew,1970,10,1:33:54,Jazz,6,1970,Y
Black Sabbath,Black Sabbath,1970,10,0:38:12,Metal,7,1970,Y
Creedence Clearwater Revival,Cosmo's Factory,1970,10,0:42:28,Rock,11,1970,Y
Led Zeppelin,Led Zeppelin III,1970,10,0:43:08,Rock,10,1970,Y
Black Sabbath,Paranoid,1970,10,0:41:51,Metal,8,1970,Y
John Prine,John Prine,1971,2,0:44:07,Country,13,1970,Y
Rod Stewart,Every Picture Tells a Story,1971,4,0:40:31,Rock,8,1970,Y
The Flamin' Groovies,Teenage Head,1971,5,0:30:45,Rock,9,1970,Y
Sly & The Family Stone,There's a Riot Goin' On,1971,5,0:47:31,Funk,12,1970,Y
Bee Gees,Trafalgar,1971,5,0:46:41,Pop,12,1970,Y
Don McLean,American Pie,1971,6,0:35:36,Folk,10,1970,Y
Faces,A Nod Is as Good as a Wink... to a Blind Horse,1971,6,0:35:56,Rock,9,1970,Y
Dolly Parton,Coat of Many Colors,1971,6,0:26:56,Country,10,1970,Y
David Crosby,If I Could Only Remember My Name,1971,6,0:37:03,Folk,9,1970,Y
Fela Ransome-Kuti and The Africa '70 With Ginger Baker,Live!,1971,6,0:45:19,Afrobeat,4,1970,N
Isaac Hayes,Shaft,1971,6,1:09:29,Soul,15,1970,Y
The Allman Brothers Band,At Fillmore East,1971,7,1:16:26,Rock,7,1970,Y
The Beach Boys,Surf's Up,1971,7,0:32:56,Pop,10,1970,Y
Carole King,Tapestry,1971,7,0:44:09,Rock,12,1970,Y
"Emerson, Lake & Palmer",Tarkus,1971,7,0:38:34,Rock,7,1970,Y
Gene Clark,White Light,1971,7,0:35:07,Country,9,1970,Y
Yes,Fragile,1971,7,0:41:16,Rock,9,1970,Y
Jethro Tull,Aqualung,1971,8,0:43:53,Rock,11,1970,Y
Nilsson,Nilsson Schmilsson,1971,8,0:34:48,Rock,10,1970,Y
Janis Joplin,Pearl,1971,8,0:33:46,Rock,10,1970,Y
The Rolling Stones,Sticky Fingers,1971,8,0:46:22,Rock,10,1970,Y
The Who,Who's Next,1971,8,0:43:04,Rock,9,1970,Y
T. Rex,Electric Warrior,1971,8,0:39:02,Rock,11,1970,Y
Yes,The Yes Album,1971,8,0:41:38,Rock,6,1970,Y
Elton John,Madman Across the Water,1971,9,0:45:17,Rock,9,1970,Y
John Lennon,Imagine,1971,9,0:39:29,Rock,10,1970,Y
Joni Mitchell,Blue,1971,9,0:36:15,Folk,10,1970,Y
Nick Drake,Bryter Layter,1971,9,0:39:31,Folk,10,1970,Y
Serge Gainsbourg,Histoire de Melody Nelson,1971,9,0:27:07,Pop,7,1970,N
David Bowie,Hunky Dory,1971,9,0:41:50,Rock,11,1970,Y
Funkadelic,Maggot Brain,1971,9,0:36:56,Funk,7,1970,Y
Leonard Cohen,Songs of Love and Hate,1971,9,0:44:21,Folk,8,1970,Y
Can,Tago Mago,1971,9,1:13:27,Rock,7,1970,Y
Marvin Gaye,What's Going On,1971,9,0:35:32,Soul,9,1970,Y
The Doors,L.A. Woman,1971,10,0:48:25,Rock,10,1970,Y
Led Zeppelin,Led Zeppelin [IV],1971,10,0:42:37,Rock,8,1970,Y
The Nitty Gritty Dirt Band,Will the Circle Be Unbroken,1972,1,1:49:02,Country,48,1970,Y
Slade,Slayed?,1972,2,0:34:30,Rock,10,1970,Y
Big Star,#1 Record,1972,4,0:37:03,Pop,12,1970,Y
Curtis Mayfield,Superfly,1972,5,0:36:01,Soul,9,1970,Y
The Rolling Stones,Exile on Main St.,1972,5,1:05:27,Rock,18,1970,Y
Roxy Music,Roxy Music,1972,5,0:42:11,Rock,9,1970,Y
Milton Nascimento & Lo Borges,Clube da Esquina,1972,6,1:04:22,Pop,21,1970,N
Stephen Stills / Manassas,Manassas,1972,6,1:11:57,Rock,21,1970,Y
Lou Reed,Transformer,1972,6,0:36:40,Rock,11,1970,Y
The Temptations,All Directions,1972,6,0:33:33,Soul,8,1970,Y
David Ackles,American Gothic,1972,7,0:43:13,Folk,11,1970,Y
Eagles,Eagles,1972,3,0:36:43,Rock,10,1970,Y
Al Green,Let's Stay Together,1972,7,0:33:43,Soul,9,1970,Y
Tim Buckley,Greetings From L.A.,1972,8,0:39:38,Funk,7,1970,Y
Hugh Masekela,Home Is Where the Music Is,1972,8,1:16:33,Jazz,10,1970,Y
Paul Simon,Paul Simon,1972,8,0:34:03,Folk,11,1970,Y
"Emerson, Lake & Palmer",Pictures at an Exhibition,1972,8,0:38:00,Rock,12,1970,Y
Nick Drake,Pink Moon,1972,8,0:28:22,Folk,11,1970,Y
Randy Newman,Sail Away,1972,8,0:30:07,Pop,12,1970,Y
Todd Rundgren,Something / Anything?,1972,8,1:30:33,Rock,13,1970,Y
Stevie Wonder,Talking Book,1972,8,0:43:29,Soul,10,1970,Y
T. Rex,The Slider,1972,8,0:43:05,Rock,13,1970,Y
WAR,The World Is a Ghetto,1972,8,0:43:49,Soul,6,1970,Y
Black Sabbath,Black Sabbath Vol. 4,1972,9,0:42:18,Metal,10,1970,Y
Neil Young,Harvest,1972,9,0:37:10,Rock,10,1970,Y
Deep Purple,Made in Japan,1972,9,1:16:44,Rock,7,1970,Y
Alice Cooper,School's Out,1972,9,0:36:56,Rock,9,1970,Y
Steely Dan,Can't Buy a Thrill,1972,9,0:40:57,Rock,10,1970,Y
Yes,Close to the Edge,1972,10,0:38:42,Rock,3,1970,Y
Deep Purple,Machine Head,1972,10,0:37:25,Rock,7,1970,Y
David Bowie,The Rise and Fall of Ziggy Stardust and the Spiders From Mars,1972,10,0:38:29,Rock,11,1970,Y
The Sensational Alex Harvey Band,Next...,1973,3,0:35:54,Rock,7,1970,Y
Mott the Hoople,Mott,1973,4,0:43:00,Rock,9,1970,Y
Roxy Music,For Your Pleasure,1973,5,0:40:53,Rock,8,1970,Y
Waylon Jennings,Honky Tonk Heroes,1973,5,0:26:56,Country,10,1970,Y
ZZ Top,Tres Hombres,1973,6,0:33:26,Rock,10,1970,Y
The Isley Brothers,3 + 3,1973,7,0:38:58,Funk,9,1970,Y
Bob Marley & The Wailers,Catch a Fire,1973,7,0:35:51,Reggae,9,1970,Y
Iggy and The Stooges,Raw Power,1973,7,0:33:26,Punk,8,1970,Y
Hawkwind,Space Ritual,1973,8,1:26:55,Rock,17,1970,Y
The Incredible Bongo Band,Bongo Rock,1973,8,0:33:17,Funk,8,1970,Y
Paul McCartney and Wings,Band on the Run,1973,8,0:41:08,Rock,9,1970,Y
Lou Reed,Berlin,1973,8,0:49:23,Rock,10,1970,Y
Faust,Faust IV,1973,8,0:43:37,Rock,8,1970,N
John Cale,Paris 1919,1973,8,0:31:30,Pop,9,1970,Y
Genesis,Selling England by the Pound,1973,8,0:53:48,Rock,8,1970,Y
John Martyn,Solid Air,1973,8,0:34:44,Rock,9,1970,Y
New York Dolls,New York Dolls,1973,8,0:42:44,Punk,11,1970,Y
Steely Dan,Countdown to Ecstasy,1973,8,0:41:10,Rock,8,1970,Y
David Bowie,Aladdin Sane,1973,9,0:41:32,Rock,10,1970,Y
Todd Rundgren,A Wizard / A True Star,1973,9,0:55:56,Pop,12,1970,Y
Alice Cooper,Billion Dollar Babies,1973,9,0:40:51,Rock,10,1970,Y
Can,Future Days,1973,9,0:41:04,Rock,4,1970,Y
Elton John,Goodbye Yellow Brick Road,1973,9,1:16:20,Rock,17,1970,Y
Stevie Wonder,Innervisions,1973,9,0:43:52,Soul,9,1970,Y
King Crimson,Larks' Tongues in Aspic,1973,9,0:46:36,Rock,6,1970,Y
Marvin Gaye,Let's Get It On,1973,9,0:31:36,Soul,8,1970,Y
Lynyrd Skynyrd,(pronounced 'leh-'nerd 'skin-'nerd),1973,9,0:43:03,Rock,8,1970,Y
Mike Oldfield,Tubular Bells,1973,9,0:49:18,Rock,2,1970,Y
Herbie Hancock,Head Hunters,1973,10,0:41:38,Jazz,4,1970,Y
Pink Floyd,The Dark Side of the Moon,1973,10,0:41:54,Rock,10,1970,Y
Gram Parsons,Grievous Angel,1974,1,0:36:14,Country,9,1970,Y
George Jones,The Grand Tour,1974,1,0:28:35,Country,11,1970,Y
Eric Clapton,461 Ocean Boulevard,1974,3,0:43:21,Rock,10,1970,Y
Richard and Linda Thompson,I Want to See the Bright Lights Tonight,1974,3,0:36:55,Folk,10,1970,Y
Van Morrison,It's Too Late to Stop Now,1974,4,1:32:33,Rock,18,1970,Y
Sparks,Kimono My House,1974,5,0:35:49,Rock,10,1970,Y
Queen,Queen II,1974,5,0:40:34,Rock,11,1970,Y
Queen,Sheer Heart Attack,1974,5,0:38:58,Rock,13,1970,Y
Gene Clark,No Other,1974,6,0:43:07,Rock,8,1970,Y
Supertramp,Crime of the Century,1974,6,0:44:10,Rock,8,1970,Y
Randy Newman,Good Old Boys,1974,6,0:33:28,Rock,12,1970,Y
10cc,Sheet Music,1974,6,0:37:12,Pop,10,1970,Y
Gil Scott-Heron/Brian Jackson,Winter in America,1974,6,0:44:27,Soul,9,1970,Y
Roxy Music,Country Life,1974,6,0:41:25,Rock,10,1970,Y
Stevie Wonder,Fulfillingness' First Finale,1974,7,0:42:10,Soul,10,1970,Y
Eno,Here Come the Warm Jets,1974,7,0:41:40,Rock,10,1970,Y
Shuggie Otis,Inspiration Information,1974,7,0:31:38,Soul,9,1970,Y
Robert Wyatt,Rock Bottom,1974,7,0:39:35,Rock,6,1970,Y
Steely Dan,Pretzel Logic,1974,7,0:33:14,Rock,11,1970,Y
Bad Company,Bad Company,1974,8,0:34:45,Rock,8,1970,Y
Joni Mitchell,Court and Spark,1974,8,0:36:58,Pop,11,1970,Y
Bob Marley & The Wailers,Natty Dread,1974,8,0:38:59,Reggae,9,1970,Y
Neil Young,On the Beach,1974,8,0:39:40,Rock,8,1970,Y
Tangerine Dream,Phaedra,1974,8,0:37:33,Electronic,7,1970,Y
Genesis,The Lamb Lies Down on Broadway,1974,8,1:34:17,Rock,23,1970,Y
Kraftwerk,Autobahn,1974,9,0:42:27,Electronic,5,1970,N
Emmylou Harris,Pieces of the Sky,1975,1,0:38:40,Country,10,1970,Y
Willie Nelson,Red Headed Stranger,1975,2,0:33:30,Country,15,1970,Y
Bob Dylan,Blood on the Tracks,1975,3,0:51:46,Folk,10,1970,Y
Keith Jarrett,The Koln Concert,1975,3,1:06:07,Jazz,4,1970,Y
Dion,Born to Be With You,1975,4,0:35:10,Pop,8,1970,Y
Aerosmith,Toys in the Attic,1975,5,0:36:59,Rock,9,1970,Y
Queen,A Night at the Opera,1975,5,0:42:52,Rock,12,1970,Y
Burning Spear,Marcus Garvey,1975,6,0:33:45,Reggae,10,1970,Y
Parliament,Mothership Connection,1975,6,0:38:18,Funk,7,1970,Y
"Earth, Wind & Fire",That's the Way of the World,1975,6,0:38:23,Soul,8,1970,Y
Bruce Springsteen,Born to Run,1975,7,0:39:24,Rock,8,1970,Y
The Dictators,Go Girl Crazy!,1975,7,0:34:48,Punk,9,1970,Y
David Bowie,Young Americans,1975,8,0:40:00,Soul,8,1970,Y
Curtis Mayfield,There's No Place Like America Today,1975,8,0:35:23,Soul,7,1970,Y
Eno,Another Green World,1975,8,0:40:55,Pop,14,1970,Y
Patti Smith,Horses,1975,8,0:43:10,Punk,8,1970,Y
Tom Waits,Nighthawks at the Diner,1975,8,1:13:54,Blues,19,1970,Y
Joni Mitchell,The Hissing of Summer Lawns,1975,8,0:42:26,Folk,10,1970,Y
Neil Young,Tonight's the Night,1975,8,0:44:52,Rock,12,1970,Y
NEU!,NEU! '75,1975,9,0:42:33,Rock,6,1970,Y
Led Zeppelin,Physical Graffiti,1975,10,1:24:27,Rock,15,1970,Y
Pink Floyd,Wish You Were Here,1975,10,0:44:18,Rock,5,1970,Y
Eagles,Hotel California,1976,3,0:43:28,Rock,9,1970,Y
Aerosmith,Rocks,1976,3,0:34:57,Rock,9,1970,Y
Joan Armatrading,Joan Armatrading,1976,5,0:41:33,Folk,10,1970,Y
Stevie Wonder,Songs in the Key of Life,1976,5,1:44:38,Soul,21,1970,Y
Peter Frampton,Frampton Comes Alive!,1976,6,1:18:06,Rock,14,1970,Y
KISS,Destroyer,1976,6,0:34:28,Rock,10,1970,Y
Tom Petty and The Heartbreakers,Tom Petty and The Heartbreakers,1976,6,0:30:38,Rock,10,1970,Y
ABBA,Arrival,1976,7,0:33:12,Pop,10,1970,Y
Peter Tosh,Legalize It,1976,7,0:38:29,Reggae,9,1970,Y
Jorge Ben,africa Brasil,1976,8,0:41:35,Rock,11,1970,N
Boston,Boston,1976,8,0:37:07,Rock,8,1970,Y
Joni Mitchell,Hejira,1976,8,0:51:23,Folk,9,1970,Y
David Bowie,Station to Station,1976,8,0:37:46,Rock,6,1970,Y
The Modern Lovers,The Modern Lovers,1976,8,0:34:51,Punk,9,1970,Y
Jean Michel Jarre,Oxygene,1976,9,0:39:45,Electronic,6,1970,Y
Ramones,Ramones,1976,9,0:28:52,Punk,14,1970,Y
Rush,2112,1976,10,0:38:42,Rock,6,1970,Y
Fela Anikulapo Kuti and Afrika 70,Zombie,1976,8,0:34:00,Afrobeat,3,1970,Y
Penguin Cafe Orchestra,Music From the Penguin Cafe,1976,7,0:44:55,Folk,5,1970,Y
Elvis Costello,My Aim Is True,1977,2,0:32:56,Rock,12,1970,Y
Television,Marquee Moon,1977,4,0:45:54,Rock,8,1970,Y
Meat Loaf,Bat Out of Hell,1977,5,0:46:25,Rock,7,1970,Y
Electric Light Orchestra,Out of the Blue,1977,5,1:10:18,Rock,17,1970,Y
Dennis Wilson,Pacific Ocean Blue,1977,5,0:36:48,Rock,12,1970,Y
Iggy Pop,Lust for Life,1977,6,0:41:53,Rock,9,1970,Y
Peter Gabriel,Peter Gabriel,1977,6,0:41:42,Rock,9,1970,Y
Suicide,Suicide,1977,6,0:32:07,Punk,7,1970,Y
Iggy Pop,The Idiot,1977,6,0:38:49,Rock,8,1970,Y
Steely Dan,Aja,1977,7,0:39:31,Rock,7,1970,Y
Brian Eno,Before and After Science,1977,7,0:40:00,Rock,10,1970,Y
Bob Marley & The Wailers,Exodus,1977,7,0:37:27,Reggae,10,1970,Y
Ian Dury,New Boots and Panties!!,1977,7,0:37:29,Rock,10,1970,Y
Wire,Pink Flag,1977,7,0:35:19,Punk,21,1970,Y
The Stranglers,Stranglers IV (Rattus Norvegicus),1977,7,0:38:57,Punk,9,1970,Y
Talking Heads,Talking Heads: 77,1977,7,0:38:37,Punk,11,1970,Y
Kraftwerk,Trans-Europe Express,1977,8,0:42:27,Electronic,7,1970,Y
David Bowie,"""Heroes""",1977,8,0:40:19,Rock,10,1970,Y
Muddy Waters,Hard Again,1977,8,0:45:23,Blues,9,1970,Y
John Martyn,One World,1977,8,0:38:03,Folk,8,1970,Y
The Clash,The Clash,1977,8,0:34:50,Punk,14,1970,Y
Weather Report,Heavy Weather,1977,8,0:37:49,Jazz,8,1970,Y
Sex Pistols,Never Mind the Bollocks Here's the Sex Pistols,1977,9,0:38:44,Punk,12,1970,Y
Billy Joel,The Stranger,1977,10,0:42:16,Rock,10,1970,Y
David Bowie,Low,1977,10,0:38:40,Rock,11,1970,Y
Fleetwood Mac,Rumours,1977,10,0:39:03,Rock,11,1970,Y
Joe Ely,Honky Tonk Masquerade,1978,1,0:33:57,Country,10,1970,Y
The Only Ones,The Only Ones,1978,2,0:33:49,Pop,10,1970,Y
Bruce Springsteen,Darkness on the Edge of Town,1978,4,0:42:29,Rock,10,1970,Y
Pere Ubu,The Modern Dance,1978,4,0:36:20,Punk,10,1970,Y
Elvis Costello,This Year's Model,1978,4,0:35:14,Rock,12,1970,Y
Willie Colon & Ruben Blades,Siembra,1978,5,0:42:18,Dance,7,1970,N
Siouxsie and The Banshees,The Scream,1978,5,0:38:26,Punk,10,1970,Y
Rahul Dev Burman,Shalimar,1978,6,0:40:00,Indian,10,1970,N
The Adverts,Crossing the Red Sea With The Adverts,1978,6,0:31:03,Punk,11,1970,Y
Pere Ubu,Dub Housing,1978,6,0:36:46,Punk,10,1970,Y
Marvin Gaye,"Here, My Dear",1978,6,1:11:51,Soul,14,1970,Y
Blondie,Parallel Lines,1978,6,0:39:06,Rock,12,1970,Y
Willie Nelson,Stardust,1978,6,0:36:43,Country,10,1970,Y
The Saints,Eternally Yours,1978,6,0:36:02,Rock,13,1970,Y
The Jam,All Mod Cons,1978,7,0:37:47,Punk,12,1970,Y
Buzzcocks,Another Music in a Different Kitchen,1978,7,0:34:43,Punk,11,1970,Y
Chic,C'est Chic,1978,7,0:42:04,Dance,8,1970,Y
Dire Straits,Dire Straits,1978,7,0:42:00,Rock,9,1970,Y
The Residents,Duck Stab / Buster & Glen,1978,7,0:35:20,Rock,14,1970,Y
Talking Heads,More Songs About Buildings and Food,1978,7,0:41:32,Punk,11,1970,Y
Funkadelic,One Nation Under a Groove,1978,7,0:59:36,Funk,10,1970,Y
X-Ray Spex,Germfree Adolescents,1978,7,0:35:46,Punk,12,1970,Y
Kraftwerk,The Man-Machine,1978,8,0:36:10,Electronic,6,1970,Y
Brian Eno,Ambient 1: Music for Airports,1978,8,0:42:20,Folk,4,1970,Y
Throbbing Gristle,D.o.A: The Third and Final Report of Throbbing Gristle,1978,8,0:41:50,Punk,13,1970,Y
Thin Lizzy,Live and Dangerous,1978,8,1:12:00,Rock,17,1970,Y
Devo,Q: Are We Not Men? A: We Are Devo!,1978,8,0:34:24,Punk,11,1970,Y
Magazine,Real Life,1978,8,0:41:24,Punk,9,1970,Y
Public Image Ltd,Public Image,1978,8,0:39:33,Punk,8,1970,Y
Van Halen,Van Halen,1978,8,0:35:13,Rock,11,1970,Y
The Cars,The Cars,1978,10,0:35:40,Rock,9,1970,Y
Elvis Costello and The Attractions,Armed Forces,1979,2,0:40:05,Rock,12,1970,Y
Michael Jackson,Off the Wall,1979,4,0:42:24,Dance,10,1970,Y
Fleetwood Mac,Tusk,1979,5,1:13:45,Rock,20,1970,Y
Talking Heads,Fear of Music,1979,5,0:40:25,Rock,11,1970,Y
The Police,Reggatta de blanc,1979,5,0:41:42,Rock,11,1970,Y
The B-52's,The B-52's,1979,5,0:39:14,Rock,9,1970,Y
Gary Numan,The Pleasure Principle,1979,5,0:40:47,Pop,10,1970,Y
The Slits,Cut,1979,6,0:31:52,Punk,10,1970,Y
The Damned,Machine Gun Etiquette,1979,6,0:35:28,Punk,12,1970,Y
The Undertones,The Undertones,1979,6,0:29:29,Punk,14,1970,Y
Cheap Trick,At Budokan,1979,7,0:42:00,Rock,10,1970,Y
Germs,(GI),1979,7,0:37:04,Punk,16,1970,Y
The Fall,Live at the Witch Trials,1979,7,0:38:39,Punk,11,1970,Y
PiL,Metal Box,1979,7,1:00:33,Punk,10,1970,Y
Holger Czukay,Movies,1979,7,0:39:40,Rock,4,1970,Y
Chic,Risque,1979,7,0:36:59,Dance,7,1970,Y
The Specials,Specials,1979,7,0:45:00,Ska,14,1970,Y
The Crusaders,Street Life,1979,7,0:39:21,Jazz,6,1970,Y
Gang of Four,Entertainment!,1979,8,0:40:09,Punk,12,1970,Y
Marianne Faithfull,Broken English,1979,8,0:37:15,Pop,8,1970,Y
AC/DC,Highway to Hell,1979,8,0:41:00,Rock,10,1970,Y
Neil Young & Crazy Horse,Rust Never Sleeps,1979,8,0:38:16,Rock,9,1970,Y
Joy Division,Unknown Pleasures,1979,8,0:38:21,Punk,10,1970,Y
Sister Sledge,We Are Family,1979,8,0:41:22,Dance,8,1970,Y
The Clash,London Calling,1979,9,1:05:04,Punk,19,1970,Y
Pink Floyd,The Wall,1979,10,1:20:41,Rock,26,1970,Y
Adam and the Ants,Kings of the Wild Frontier,1980,2,0:41:33,Rock,12,1980,Y
The Teardrop Explodes,Kilimanjaro,1980,2,0:39:45,Rock,11,1980,Y
Dexys Midnight Runners,Searching for the Young Soul Rebels,1980,4,0:41:37,Rock,11,1980,Y
UB40,Signing Off,1980,4,1:06:22,Reggae,10,1980,Y
Jerry Lee Lewis,"Live at the Star Club, Hamburg",1980,5,0:37:02,Rock,13,1980,Y
Echo and The Bunnymen,Crocodiles,1980,5,0:33:00,Punk,10,1980,Y
The Undertones,Hypnotised,1980,5,0:37:10,Punk,15,1980,Y
Iron Maiden,Iron Maiden,1980,5,0:37:30,Metal,8,1980,Y
Pretenders,Pretenders,1980,5,0:46:32,Rock,12,1980,Y
Steve Winwood,Arc of a Diver,1980,6,0:39:49,Rock,7,1980,Y
The Specials,More Specials,1980,6,0:45:32,Ska,12,1980,Y
Talking Heads,Remain in Light,1980,6,0:40:10,Rock,8,1980,Y
The Jam,Sound Affects,1980,6,0:35:18,Rock,11,1980,Y
The Soft Boys,Underwater Moonlight,1980,6,0:36:00,Rock,10,1980,Y
AC/DC,Back in Black,1980,7,0:41:45,Rock,10,1980,Y
Tom Waits,Heartattack and Vine,1980,7,0:43:42,Blues,9,1980,Y
Killing Joke,Killing Joke,1980,7,0:34:27,Punk,8,1980,Y
Japan,Quiet Life,1980,7,0:44:51,Pop,8,1980,Y
The Cure,Seventeen Seconds,1980,7,0:35:33,Rock,10,1980,Y
Peter Gabriel,Peter Gabriel,1980,8,0:44:52,Rock,10,1980,Y
Joy Division,Closer,1980,8,0:44:14,Punk,9,1980,Y
Judas Priest,British Steel,1980,8,0:35:50,Metal,9,1980,Y
Motorhead,Ace of Spades,1980,8,0:36:17,Metal,12,1980,Y
The Cramps,Songs the Lord Taught Us,1980,8,0:37:54,Punk,13,1980,Y
Circle Jerks,Group Sex,1980,9,0:15:00,Punk,14,1980,Y
Dead Kennedys,Fresh Fruit for Rotting Vegetables,1980,9,0:32:55,Punk,14,1980,Y
The Psychedelic Furs,Talk Talk Talk,1981,3,0:41:11,Rock,10,1980,Y
Heaven 17,Penthouse and Pavement,1981,4,0:38:12,Pop,9,1980,Y
Orchestral Manoeuvres in the Dark,Architecture & Morality,1981,4,0:37:13,Pop,9,1980,Y
The Human League,Dare,1981,4,0:40:46,Pop,10,1980,Y
Soft Cell,Non-Stop Erotic Cabaret,1981,4,0:40:32,Pop,10,1980,Y
Go-Go's,Beauty and the Beat,1981,5,0:34:53,Pop,11,1980,Y
The Gun Club,Fire of Love,1981,5,0:39:39,Punk,11,1980,Y
Brian Eno-David Byrne,My Life in the Bush of Ghosts,1981,5,0:39:38,Rock,11,1980,Y
ABBA,The Visitors,1981,5,0:37:39,Pop,9,1980,Y
X,Wild Gift,1981,5,0:33:00,Punk,13,1980,Y
Siouxsie and The Banshees,Juju,1981,6,0:41:06,Rock,9,1980,Y
Einsta¼rzende Neubauten,Kollaps,1981,6,0:38:58,Punk,24,1980,N
Bauhaus,Mask,1981,7,0:34:15,Rock,10,1980,Y
Black Flag,Damaged,1981,7,0:34:32,Punk,15,1980,Y
Tom Tom Club,Tom Tom Club,1981,7,0:36:49,Pop,8,1980,Y
Motorhead,No Sleep 'Til Hammersmith,1981,8,0:40:41,Metal,11,1980,Y
Bobby Womack,The Poet,1981,8,0:39:37,Soul,8,1980,Y
Rush,Moving Pictures,1981,10,0:39:44,Rock,7,1980,Y
Elvis Costello and The Attractions,Imperial Bedroom,1982,1,0:50:49,Rock,15,1980,Y
The Birthday Party,Junkyard,1982,4,0:47:08,Punk,10,1980,Y
Bruce Springsteen,Nebraska,1982,4,0:40:50,Folk,10,1980,Y
Haircut One Hundred,Pelican West,1982,4,0:45:36,Rock,12,1980,Y
Associates,Sulk,1982,4,0:41:11,Pop,10,1980,Y
ABC,The Lexicon of Love,1982,5,0:37:48,Pop,10,1980,Y
Madness,The Rise & Fall,1982,5,0:43:09,Rock,13,1980,Y
The Cure,Pornography,1982,6,0:43:30,Rock,8,1980,Y
Simple Minds,New Gold Dream (81-82-83-84),1982,7,0:45:51,Pop,9,1980,Y
Duran Duran,Rio,1982,7,0:42:32,Pop,9,1980,Y
Grandmaster Flash & The Furious Five,The Message,1982,7,0:37:04,Hip Hop,7,1980,Y
Michael Jackson,Thriller,1982,7,0:42:15,RnB,9,1980,Y
Kevin Rowland & Dexys Midnight Runners,Too-Rye-Ay,1982,7,0:42:26,Rock,9,1980,Y
Orange Juice,Rip It Up,1982,7,0:42:20,Pop,10,1980,Y
Prince,1999,1982,8,1:10:00,Funk,11,1980,Y
Kate Bush,The Dreaming,1982,8,0:43:53,Pop,10,1980,Y
Donald Fagen,The Nightfly,1982,8,0:38:46,Pop,8,1980,Y
Iron Maiden,The Number of the Beast,1982,8,0:39:11,Metal,8,1980,Y
Venom,Black Metal,1982,8,0:42:40,Metal,10,1980,Y
Elis Regina,Vento do Maio,1983,3,0:48:15,Pop,13,1980,N
U2,War,1983,4,0:42:03,Punk,10,1980,Y
R.E.M.,Murmur,1983,5,0:42:59,Rock,12,1980,Y
Cyndi Lauper,She's So Unusual,1983,5,0:38:00,Rock,10,1980,Y
Culture Club,Colour by Numbers,1983,6,0:38:14,Pop,10,1980,Y
Malcolm McLaren,Duck Rock,1983,6,0:43:36,Hip Hop,11,1980,Y
Eurythmics,Sweet Dreams (Are Made of This),1983,6,0:42:21,Pop,10,1980,Y
Paul Simon,Hearts and Bones,1983,6,0:40:53,Pop,10,1980,Y
Hanoi Rocks,Back to Mystery City,1983,7,0:41:46,Rock,10,1980,Y
Echo & The Bunnymen,Porcupine,1983,7,0:45:31,Punk,10,1980,Y
The Police,Synchronicity,1983,7,0:39:40,Rock,10,1980,Y
The The,Soul Mining,1983,7,0:41:46,Pop,7,1980,Y
ZZ Top,Eliminator,1983,8,0:45:00,Rock,11,1980,Y
Minor Threat,Out of Step,1983,8,0:21:36,Punk,9,1980,Y
Def Leppard,Pyromania,1983,8,0:44:58,Rock,10,1980,Y
Violent Femmes,Violent Femmes,1983,8,0:35:58,Folk,10,1980,Y
Tom Waits,Swordfishtrombones,1983,9,0:41:43,Rock,15,1980,Y
Cocteau Twins,Treasure,1984,3,0:41:19,Pop,10,1980,Y
Frankie Goes to Hollywood,Welcome to the Pleasuredome,1984,5,1:05:14,Pop,17,1980,Y
Lloyd Cole and The Commotions,Rattlesnakes,1984,5,0:35:59,Pop,10,1980,Y
The Blue Nile,A Walk Across the Rooftops,1984,6,0:37:47,Pop,7,1980,Y
Echo & The Bunnymen,Ocean Rain,1984,6,0:36:36,Rock,9,1980,Y
Run-D.M.C.,Run-D.M.C.,1984,6,0:39:27,Hip Hop,9,1980,Y
Van Halen,1984,1984,7,0:33:18,Rock,9,1980,Y
Tina Turner,Private Dancer,1984,7,0:39:31,Pop,9,1980,Y
Youssou N'Dour et le Super a‰toile de Dakar,Vol. 8 : Immigres / Bitim rew,1984,7,0:35:28,African,4,1980,N
The Style Council,Cafe Bleu,1984,7,0:43:57,Pop,13,1980,Y
Sade,Diamond Life,1984,8,0:45:06,Pop,9,1980,Y
Minutemen,Double Nickels on the Dime,1984,8,1:19:14,Punk,45,1980,Y
The Replacements,Let It Be,1984,8,0:32:56,Rock,11,1980,Y
Meat Puppets,Meat Puppets II,1984,8,0:29:57,Punk,12,1980,Y
Bruce Springsteen,Born in the U.S.A.,1984,9,0:46:19,Rock,12,1980,Y
Prince and The Revolution,Purple Rain,1984,10,0:43:50,Rock,9,1980,Y
Scritti Politti,Cupid & Psyche 85,1985,3,0:38:50,Pop,9,1980,Y
Simply Red,Picture Book,1985,3,0:44:21,Rock,10,1980,Y
a-ha,Hunting High and Low,1985,5,0:36:39,Pop,10,1980,Y
New Order,Low-Life,1985,5,0:40:04,Pop,8,1980,Y
The Smiths,Meat Is Murder,1985,5,0:39:41,Pop,9,1980,Y
Dire Straits,Brothers in Arms,1985,6,0:46:20,Rock,9,1980,Y
Prefab Sprout,Steve McQueen,1985,6,0:45:18,Pop,11,1980,Y
Mekons,Fear and Whiskey,1985,7,0:35:13,Punk,10,1980,Y
The Pogues,Rum Sodomy & the Lash,1985,7,0:42:49,Rock,12,1980,Y
The Fall,This Nation's Saving Grace,1985,7,0:47:54,Punk,11,1980,Y
The Jesus and Mary Chain,Psychocandy,1985,8,0:38:29,Pop,14,1980,Y
Tom Waits,Rain Dogs,1985,8,0:53:49,Rock,19,1980,Y
Tears for Fears,Songs From the Big Chair,1985,8,0:40:27,Pop,8,1980,Y
Sam Cooke,"Live at the Harlem Square Club, 1963",1985,9,0:37:31,Soul,9,1980,Y
Suzanne Vega,Suzanne Vega,1985,9,0:35:26,Folk,10,1980,Y
Kate Bush,Hounds of Love,1985,10,0:47:03,Pop,12,1980,Y
Nanci Griffith,The Last of the True Believers,1986,1,0:35:16,Country,11,1980,Y
Steve Earle,Guitar Town,1986,1,0:34:35,Rock,11,1980,Y
Elvis Costello and The Attractions,Blood & Chocolate,1986,2,0:47:48,Rock,11,1980,Y
Talk Talk,The Colour of Spring,1986,4,0:45:40,Pop,8,1980,Y
Afrika Bambaataa & Soulsonic Force,Planet Rock: The Album,1986,5,0:43:00,Hip Hop,7,1980,Y
Anita Baker,Rapture,1986,5,0:37:30,Soul,8,1980,Y
Bon Jovi,Slippery When Wet,1986,5,0:43:04,Rock,10,1980,Y
The Smiths,The Queen Is Dead,1986,5,0:36:47,Pop,10,1980,Y
The The,Infected,1986,5,0:40:29,Pop,8,1980,Y
Paul Simon,Graceland,1986,6,0:43:18,Pop,11,1980,Y
XTC,Skylarking,1986,6,0:45:47,Pop,14,1980,Y
Bad Brains,I Against I,1986,7,0:31:53,Metal,10,1980,Y
Peter Gabriel,So,1986,7,0:41:58,Pop,8,1980,Y
Abdullah Ibrahim,Water From an Ancient Well,1986,7,0:46:27,Jazz,8,1980,N
Throwing Muses,Throwing Muses,1986,7,0:37:39,Punk,10,1980,Y
Sonic Youth,EVOL,1986,8,0:28:35,Rock,9,1980,Y
Beastie Boys,Licensed to Ill,1986,8,0:44:35,Hip Hop,13,1980,Y
Run-D.M.C.,Raising Hell,1986,8,0:39:43,Hip Hop,12,1980,Y
Megadeth,Peace Sells... But Who's Buying?,1986,9,0:35:52,Metal,8,1980,Y
Slayer,Reign in Blood,1986,9,0:28:00,Metal,10,1980,Y
Billy Bragg,Talking With the Taxman About Poetry,1986,9,0:37:27,Folk,12,1980,Y
Big Black,Atomizer,1986,10,0:36:58,Rock,10,1980,Y
Metallica,Master of Puppets,1986,10,0:54:00,Metal,8,1980,Y
"Dolly Parton , Linda Ronstadt , Emmylou Harris",Trio,1987,1,0:38:24,Country,11,1980,Y
Pet Shop Boys,Actually,1987,2,0:47:52,Pop,10,1980,Y
The Triffids,Calenture,1987,3,0:46:24,Rock,12,1980,Y
Terence Trent D'Arby,Introducing the Hardline According to Terence Trent D'Arby,1987,5,0:47:09,RnB,11,1980,Y
The Jesus and Mary Chain,Darklands,1987,5,0:36:03,Rock,10,1980,Y
George Michael,Faith,1987,5,0:47:29,Pop,9,1980,Y
Laibach,Opus Dei,1987,5,0:37:16,Rock,8,1980,Y
The Smiths,"Strangeways, Here We Come",1987,5,0:35:49,Pop,10,1980,Y
The Cult,Electric,1987,6,0:38:51,Rock,11,1980,Y
Sonic Youth,Sister,1987,6,0:37:32,Rock,10,1980,Y
Anthrax,Among the Living,1987,7,0:50:13,Metal,9,1980,Y
Michael Jackson,Bad,1987,7,0:43:44,Pop,10,1980,Y
The Sisters of Mercy,Floodland,1987,7,0:49:24,Rock,8,1980,Y
Def Leppard,Hysteria,1987,7,1:02:32,Rock,12,1980,Y
Depeche Mode,Music for the Masses,1987,7,0:43:35,Pop,10,1980,Y
Ladysmith Black Mambazo,Shaka Zulu,1987,7,0:36:30,African,10,1980,N
Prince,Sign of the Times,1987,7,1:20:06,RnB,16,1980,Y
U2,The Joshua Tree,1987,7,0:50:11,Rock,11,1980,Y
Husker Du,Warehouse: Songs and Stories,1987,7,1:08:35,Rock,20,1980,Y
R.E.M.,Document,1987,7,0:39:34,Rock,11,1980,Y
Guns n' Roses,Appetite for Destruction,1987,8,0:53:42,Rock,12,1980,Y
Napalm Death,Scum,1987,8,0:31:54,Metal,27,1980,Y
Butthole Surfers,Locust Abortion Technician,1987,9,0:32:37,Rock,11,1980,Y
Astor Piazzolla & Gary Burton,The New Tango: Recorded at the Montreux Festival,1987,9,0:55:02,Jazz,6,1980,Y
Dinosaur,You're Living All Over Me,1987,9,0:35:37,Rock,9,1980,Y
k.d. lang,Shadowland,1988,1,0:35:17,Country,12,1980,Y
Everything but the Girl,Idlewild,1988,3,0:45:17,Pop,11,1980,Y
Dwight Yoakam,Buenas noches From a Lonely Room,1988,3,0:36:38,Country,11,1980,Y
Cowboy Junkies,The Trinity Session,1988,3,0:52:36,Country,12,1980,Y
The Go-Betweens,16 Lovers Lane,1988,4,0:37:04,Rock,13,1980,Y
American Music Club,California,1988,4,0:41:32,Rock,12,1980,Y
The Pogues,If I Should Fall From Grace With God,1988,4,0:51:43,Punk,15,1980,Y
Happy Mondays,Bummed,1988,5,0:37:27,Rock,10,1980,Y
The Waterboys,Fisherman's Blues,1988,5,0:52:49,Rock,12,1980,Y
Dagmar Krause,Tank Battles: The Songs of Hanns Eisler,1988,6,0:58:20,Jazz,26,1980,Y
My Bloody Valentine,Isn't Anything,1988,6,0:38:00,Rock,12,1980,Y
Morrissey,Viva Hate,1988,6,0:42:16,Rock,12,1980,Y
Jane's Addiction,Nothing's Shocking,1988,7,0:40:43,Rock,10,1980,Y
Mudhoney,Superfuzz Bigmuff,1988,7,0:23:07,Rock,6,1980,Y
Fishbone,Truth and Soul,1988,7,0:41:31,Funk,12,1980,Y
Living Colour,Vivid,1988,7,0:46:42,Rock,11,1980,Y
The Sugarcubes,Life's Too Good,1988,7,0:33:13,Punk,11,1980,Y
Dinosaur Jr,Bug,1988,8,0:35:24,Rock,9,1980,Y
R.E.M.,Green,1988,8,0:40:53,Rock,11,1980,Y
Leonard Cohen,I'm Your Man,1988,8,0:40:56,Pop,8,1980,Y
Tracy Chapman,Tracy Chapman,1988,8,0:35:51,Folk,11,1980,Y
Sonic Youth,Daydream Nation,1988,9,1:10:41,Rock,12,1980,Y
Public Enemy,It Takes a Nation of Millions to Hold Us Back,1988,9,0:58:06,Hip Hop,16,1980,Y
N.W.A,Straight Outta Compton,1988,9,0:48:27,Hip Hop,10,1980,Y
Pixies,Surfer Rosa,1988,9,0:33:24,Rock,13,1980,Y
Metallica,...And Justice for All,1988,10,1:05:10,Metal,9,1980,Y
Madonna,Like a Prayer,1989,3,0:51:16,Pop,11,1980,Y
Lenny Kravitz,Let Love Rule,1989,4,0:55:27,Rock,10,1980,Y
Neneh Cherry,Raw Like Sushi,1989,4,0:46:11,Hip Hop,10,1980,Y
Aerosmith,Pump,1989,5,0:48:02,Rock,10,1980,Y
New Order,Technique,1989,5,0:39:50,Dance,9,1980,Y
Bonnie Raitt,Nick of Time,1989,5,0:42:31,Rock,11,1980,Y
Soul II Soul,Club Classics Vol. One,1989,5,0:46:55,Soul,10,1980,Y
John Zorn,Spy vs. Spy,1989,5,0:40:54,Jazz,17,1980,Y
Jungle Brothers,Done by the Forces of Nature,1989,6,1:00:07,Hip Hop,16,1980,Y
Faith No More,The Real Thing,1989,6,0:54:58,Metal,12,1980,Y
The Stone Roses,The Stone Roses,1989,6,0:48:20,Rock,11,1980,Y
Baaba Maal & Mansour Seck,Djam Leelii,1989,7,0:52:50,African,9,1980,N
Kate Bush,The Sensual World,1989,7,0:42:24,Pop,10,1980,Y
Coldcut,What's That Noise?,1989,8,0:44:54,Electronic,11,1980,Y
John Lee Hooker,The Healer,1989,8,0:41:18,Blues,10,1980,Y
Janet Jackson,Rhythm Nation 1814,1989,8,1:03:22,Pop,14,1980,Y
De La Soul,3 Feet High and Rising,1989,8,1:01:48,Hip Hop,23,1980,Y
808 State,90,1989,8,0:39:14,Electronic,8,1980,Y
Queen Latifah,All Hail the Queen,1989,8,0:49:03,Hip Hop,12,1980,Y
The Cure,Disintegration,1989,8,0:56:24,Rock,10,1980,Y
Pixies,Doolittle,1989,8,0:38:36,Rock,15,1980,Y
fIREHOSE,fROMOHIO,1989,8,0:31:13,Rock,14,1980,Y
The Young Gods,L'eau rouge,1989,8,0:33:46,Rock,8,1980,N
Spacemen 3,Playing With Fire,1989,8,0:46:45,Rock,9,1980,Y
Barry Adamson,Moss Side Story,1989,9,0:53:54,Jazz,15,1980,Y
Beastie Boys,Paul's Boutique,1989,9,0:52:54,Hip Hop,15,1980,Y
The La's,The La's,1990,4,0:35:14,Rock,12,1990,Y
Pet Shop Boys,Behaviour,1990,4,0:49:01,Pop,10,1990,Y
Fugazi,Repeater,1990,6,0:35:14,Rock,11,1990,Y
Happy Mondays,Pills 'n' Thrills and Bellyaches,1990,6,0:43:49,Rock,10,1990,Y
Cocteau Twins,Heaven or Las Vegas,1990,6,0:37:50,Pop,10,1990,Y
George Michael,Listen Without Prejudice Vol. 1,1990,6,0:48:13,Pop,10,1990,Y
Deee-Lite,World Clique,1990,6,0:48:05,Dance,12,1990,Y
Ride,Nowhere,1990,6,0:52:12,Rock,11,1990,Y
Sonic Youth,Goo,1990,6,0:49:48,Rock,11,1990,Y
Digital Underground,Sex Packets,1990,7,1:05:26,Hip Hop,14,1990,Y
Jane's Addiction,Ritual de lo habitual,1990,7,0:51:30,Rock,9,1990,Y
Sinead O'Connor,I Do Not Want What I Haven't Got,1990,7,0:51:08,Pop,10,1990,Y
L.L. Cool J,Mama Said Knock You Out,1990,7,1:01:36,Hip Hop,14,1990,Y
Neil Young + Crazy Horse,Ragged Glory,1990,7,1:02:43,Rock,10,1990,Y
Depeche Mode,Violator,1990,7,0:46:33,Pop,9,1990,Y
Ice Cube,AmeriKKKa's Most Wanted,1990,8,0:49:06,Hip Hop,16,1990,Y
Pixies,Bossanova,1990,8,0:39:41,Rock,14,1990,Y
Public Enemy,Fear of a Black Planet,1990,8,1:03:10,Hip Hop,20,1990,Y
The Black Crowes,Shake Your Money Maker,1990,8,0:44:52,Rock,11,1990,Y
The Shamen,En-Tact,1990,9,1:05:17,Electronic,15,1990,Y
A Tribe Called Quest,People's Instinctive Travels and the Paths of Rhythm,1990,9,1:04:03,Hip Hop,14,1990,Y
Megadeth,Rust in Peace,1990,9,0:40:44,Metal,9,1990,Y
Teenage Fanclub,Bandwagonesque,1991,5,0:42:00,Pop,12,1990,Y
Massive Attack,Blue Lines,1991,5,0:45:05,Hip Hop,9,1990,Y
Crowded House,Woodface,1991,5,0:48:03,Rock,14,1990,Y
The KLF,The White Room,1991,6,0:39:38,Dance,9,1990,Y
U2,Achtung Baby,1991,6,0:55:27,Rock,12,1990,Y
Mudhoney,Every Good Boy Deserves Fudge,1991,6,0:42:35,Rock,14,1990,Y
Jah Wobble's Invaders of the Heart,Rising Above Bedlam,1991,7,0:51:33,Electronic,10,1990,Y
Gang Starr,Step in the Arena,1991,7,0:49:18,Hip Hop,18,1990,Y
Primal Scream,Screamadelica,1991,7,1:02:31,Dance,11,1990,Y
Saint Etienne,Foxbase Alpha,1991,7,0:58:19,Dance,15,1990,Y
Ice-T,O.G. Original Gangster,1991,8,1:12:47,Hip Hop,24,1990,Y
Red Hot Chili Peppers,Blood Sugar Sex Magik,1991,8,1:14:21,Rock,17,1990,Y
Cypress Hill,Cypress Hill,1991,8,0:46:46,Hip Hop,16,1990,Y
Metallica,Metallica,1991,8,1:02:16,Metal,12,1990,Y
Julian Cope,Peggy Suicide,1991,8,1:15:44,Rock,18,1990,Y
MC Solaar,Qui sa me le vent recolte le tempo,1991,8,0:51:41,Hip Hop,16,1990,N
Pearl Jam,Ten,1991,8,0:54:47,Rock,11,1990,Y
Public Enemy,Apocalypse 91...The Enemy Strikes Black,1991,8,0:51:54,Hip Hop,14,1990,Y
Sepultura,Arise,1991,8,0:42:27,Metal,9,1990,Y
My Bloody Valentine,Loveless,1991,9,0:48:51,Rock,11,1990,Y
Slint,Spiderland,1991,9,0:39:31,Rock,6,1990,Y
Nirvana,Nevermind,1991,10,0:42:32,Rock,12,1990,Y
A Tribe Called Quest,The Low End Theory,1991,10,0:48:03,Hip Hop,14,1990,Y
Tori Amos,Little Earthquakes,1992,4,0:57:11,Pop,12,1990,Y
Nusrat Fateh Ali Khan,Devotional Songs,1992,5,0:45:18,Indian,6,1990,N
Stereo MC's,Connected,1992,5,0:53:26,Dance,12,1990,Y
P J Harvey,Dry,1992,5,0:40:01,Rock,11,1990,Y
Lemonheads,It's a Shame About Ray,1992,5,0:29:17,Pop,12,1990,Y
k.d. lang,Inganue,1992,6,0:41:53,Country,10,1990,Y
Arrested Development,"3 Years, 5 Months and 2 Days in the Life of...",1992,6,0:56:13,Hip Hop,15,1990,Y
R.E.M.,Automatic for the People,1992,6,0:48:25,Rock,12,1990,Y
Koffi Olomid,"Haut de gamme tcha-tcho ""Echelon Ngomba"" - Koweat, rive gauche",1992,6,0:58:26,African,9,1990,N
Nick Cave & The Bad Seeds,Henry's Dream,1992,6,0:41:30,Punk,9,1990,Y
Pavement,Slanted and Enchanted,1992,6,0:39:01,Rock,14,1990,Y
Morrissey,Your Arsenal,1992,6,0:39:29,Rock,10,1990,Y
Baaba Maal,Lam Toro,1992,7,0:52:22,African,10,1990,N
Sugar,Copper Blue,1992,7,0:45:00,Rock,10,1990,Y
Sonic Youth,Dirty,1992,7,0:59:07,Rock,15,1990,Y
Big Star,Third / Sister Lovers,1992,7,0:55:04,Pop,19,1990,Y
Ministry,ΚΕΦΑΛΗΞΘ [Psalm 69],1992,7,0:44:38,Metal,9,1990,Y
The Disposable Heroes of Hiphoprisy,Hypocrisy Is the Greatest Luxury,1992,8,1:06:19,Hip Hop,13,1990,Y
Spiritualized,Lazer Guided Melodies,1992,8,1:00:58,Pop,4,1990,Y
Pantera,Vulgar Display of Power,1992,8,0:52:48,Metal,11,1990,Y
The Pharcyde,Bizarre Ride II the Pharcyde,1992,8,0:56:44,Hip Hop,16,1990,Y
Aphex Twin,Selected Ambient Works 85-92,1992,9,1:14:20,Electronic,13,1990,Y
Dr. Dre,The Chronic,1992,9,1:02:51,Hip Hop,16,1990,Y
Ice Cube,The Predator,1992,9,0:56:21,Hip Hop,16,1990,Y
Tom Waits,Bone Machine,1992,10,0:54:04,Rock,16,1990,Y
Alice in Chains,Dirt,1992,10,0:57:32,Rock,13,1990,Y
Rage Against the Machine,Rage Against the Machine,1992,10,0:52:56,Metal,10,1990,Y
The Auteurs,New Wave,1993,1,0:43:41,Rock,12,1990,Y
Sheryl Crow,Tuesday Night Music Club,1993,2,0:49:42,Pop,11,1990,Y
Pet Shop Boys,Very,1993,2,0:53:17,Pop,12,1990,Y
Suede,Suede,1993,2,0:45:36,Pop,11,1990,Y
Grant Lee Buffalo,Fuzzy,1993,3,0:48:31,Country,11,1990,Y
Girls Against Boys,Venus Luxure No. 1 Baby,1993,4,0:46:18,Rock,11,1990,Y
Aimee Mann,Whatever,1993,4,0:52:14,Pop,14,1990,Y
Paul Weller,Wild Wood,1993,4,0:54:04,Rock,16,1990,Y
Jamiroquai,Emergency on Planet Earth,1993,5,0:55:01,Jazz,10,1990,Y
Liz Phair,Exile in Guyville,1993,5,0:55:40,Rock,18,1990,Y
Blur,Modern Life Is Rubbish,1993,5,1:09:39,Pop,19,1990,Y
The Afghan Whigs,Gentlemen,1993,6,0:48:56,Rock,11,1990,Y
The Fall,The Infotainment Scan,1993,6,0:40:51,Punk,10,1990,Y
PJ Harvey,Rid of Me,1993,7,0:47:59,Rock,14,1990,Y
The Boo Radleys,Giant Steps,1993,7,1:04:02,Rock,17,1990,Y
Orbital,Orbital [Brown Album],1993,7,1:05:37,Electronic,10,1990,Y
William Orbit,Strange Cargo III,1993,7,1:03:47,Electronic,12,1990,Y
Sebadoh,Bubble & Scrape,1993,7,0:46:12,Rock,17,1990,Y
Snoop Doggy Dogg,Doggystyle,1993,8,0:54:49,Hip Hop,19,1990,Y
Smashing Pumpkins,Siamese Dream,1993,8,1:02:08,Rock,13,1990,Y
Bjork,Debut,1993,9,0:48:15,Pop,11,1990,Y
Wu-Tang Clan,Enter the Wu-Tang (36 Chambers),1993,10,0:58:23,Hip Hop,12,1990,Y
Nirvana,In Utero,1993,10,0:41:00,Rock,12,1990,Y
Elvis Costello,Brutal Youth,1994,2,0:56:55,Rock,15,1990,Y
Green Day,Dookie,1994,3,0:39:35,Punk,14,1990,Y
G. Love and Special Sauce,G. Love and Special Sauce,1994,4,0:58:29,Hip Hop,14,1990,Y
Nine Inch Nails,The Downward Spiral,1994,4,1:05:02,Rock,14,1990,Y
Pavement,"Crooked Rain, Crooked Rain",1994,5,0:42:16,Rock,12,1990,Y
Massive Attack,Protection,1994,5,0:49:02,Hip Hop,10,1990,Y
Frank Black,Teenager of the Year,1994,5,1:02:38,Rock,22,1990,Y
Suede,Dog Man Star,1994,5,0:57:50,Pop,12,1990,Y
Manic Street Preachers,The Holy Bible,1994,6,0:56:17,Rock,13,1990,Y
Portishead,Dummy,1994,6,0:45:23,Hip Hop,10,1990,Y
Ali Farka Tour With Ry Cooder,Talking Timbuktu,1994,6,0:59:58,Blues,10,1990,N
Oasis,Definitely Maybe,1994,7,0:51:56,Pop,11,1990,Y
The Sabres of Paradise,Haunted Dancehall,1994,7,1:16:50,Electronic,14,1990,Y
The Prodigy,Music for the Jilted Generation,1994,7,1:18:07,Electronic,13,1990,Y
Blur,Parklife,1994,7,0:52:43,Pop,16,1990,Y
Jeff Buckley,Grace,1994,8,0:51:43,Rock,10,1990,Y
Orbital,Snivilisation,1994,8,1:15:08,Electronic,10,1990,Y
Soundgarden,Superunknown,1994,8,1:10:10,Rock,15,1990,Y
Jeru the Damaja,The Sun Rises in the East,1994,8,0:39:30,Hip Hop,13,1990,Y
Method Man,Tical,1994,8,0:43:43,Hip Hop,13,1990,Y
Morrissey,Vauxhall and I,1994,8,0:39:47,Pop,11,1990,Y
TLC,CrazySexyCool,1994,9,0:56:10,Hip Hop,16,1990,Y
Beastie Boys,Ill Communication,1994,9,0:59:29,Hip Hop,20,1990,Y
Nas,Illmatic,1994,9,0:39:44,Hip Hop,10,1990,Y
Hole,Live Through This,1994,9,0:38:03,Rock,12,1990,Y
Drive Like Jehu,Yank Crime,1994,9,0:53:15,Rock,9,1990,Y
The Notorious B.I.G.,Ready to Die,1994,9,1:08:58,Hip Hop,17,1990,Y
Nirvana,MTV Unplugged in New York,1994,10,0:53:54,Rock,14,1990,Y
Offspring,Smash,1994,10,0:46:37,Rock,14,1990,Y
D'Angelo,Brown Sugar,1995,4,0:53:21,Soul,10,1990,Y
The Verve,A Northern Soul,1995,5,1:03:59,Pop,12,1990,Y
Foo Fighters,Foo Fighters,1995,5,0:44:00,Rock,12,1990,Y
Tricky,Maxinquaye,1995,5,0:57:08,Hip Hop,12,1990,Y
Guided by Voices,Alien Lanes,1995,6,0:41:01,Rock,28,1990,Y
Femi Kuti,Femi Kuti,1995,6,1:13:42,Afrobeat,10,1990,Y
Pulp,Different Class,1995,6,0:52:19,Pop,12,1990,Y
Elastica,Elastica,1995,6,0:40:21,Pop,16,1990,Y
Supergrass,I Should Coco,1995,6,0:40:17,Pop,13,1990,Y
2Pac,Me Against the World,1995,6,1:05:56,Hip Hop,15,1990,Y
Radiohead,The Bends,1995,6,0:48:36,Rock,12,1990,Y
Goldie,Timeless,1995,6,1:45:13,Electronic,12,1990,Y
Rocket From the Crypt,"Scream, Dracula, Scream!",1995,6,0:43:36,Rock,14,1990,Y
Raekwon,Only Built 4 Cuban Linx...,1995,7,1:10:41,Hip Hop,18,1990,Y
Nightmares on Wax,Smokers Delight,1995,7,1:14:29,Electronic,16,1990,Y
Oasis,(What's the Story) Morning Glory?,1995,7,0:50:03,Pop,12,1990,Y
GZA/Genius,Liquid Swords,1995,8,0:55:15,Hip Hop,13,1990,Y
The Chemical Brothers,Exit Planet Dust,1995,8,0:49:19,Electronic,11,1990,Y
Garbage,Garbage,1995,8,0:50:51,Rock,12,1990,Y
Leftfield,Leftism,1995,8,1:10:02,Electronic,11,1990,Y
The Smashing Pumpkins,Mellon Collie and the Infinite Sadness,1995,8,2:01:39,Rock,28,1990,Y
Alanis Morissette,Jagged Little Pill,1995,9,0:57:24,Rock,13,1990,Y
Ash,1977,1996,3,1:01:52,Pop,12,1990,Y
Wilco,Being There,1996,4,1:16:47,Country,19,1990,Y
Fun Lovin' Criminals,Come Find Yourself,1996,5,0:49:58,Rock,13,1990,Y
Manic Street Preachers,Everything Must Go,1996,5,0:45:19,Rock,12,1990,Y
The Cardigans,First Band on the Moon,1996,5,0:38:54,Pop,11,1990,Y
Maxwell,Maxwell's Urban Hang Suite,1996,5,1:04:46,Soul,11,1990,Y
The Jon Spencer Blues Explosion,Now I Got Worry,1996,5,0:45:10,Punk,16,1990,Y
Belle and Sebastian,If You're Feeling Sinister,1996,6,0:41:18,Pop,10,1990,Y
Marilyn Manson,Antichrist Superstar,1996,6,1:17:18,Metal,18,1990,Y
Eels,Beautiful Freak,1996,6,0:43:53,Rock,12,1990,Y
Dr. Octagon,Dr. Octagon,1996,6,1:08:31,Hip Hop,19,1990,Y
Stereolab,Emperor Tomato Ketchup,1996,6,0:57:15,Pop,13,1990,Y
LTJ Bukem,Logical Progression,1996,6,2:22:32,Dance,20,1990,Y
Sepultura,Roots,1996,6,1:12:30,Metal,16,1990,Y
Everything but the Girl,Walking Wounded,1996,6,0:52:18,Electronic,11,1990,Y
The Divine Comedy,Casanova,1996,7,0:51:45,Pop,11,1990,Y
Screaming Trees,Dust,1996,7,0:44:15,Rock,10,1990,Y
Super Furry Animals,Fuzzy Logic,1996,7,0:41:08,Rock,12,1990,Y
Fatboy Slim,Better Living Through Chemistry,1996,7,0:57:47,Electronic,10,1990,Y
Tortoise,Millions Now Living Will Never Die,1996,7,0:42:56,Rock,6,1990,Y
Beck,Odelay,1996,7,0:54:10,Rock,13,1990,Y
Underworld,Second Toughest in the Infants,1996,7,1:13:01,Electronic,8,1990,Y
Fugees,The Score,1996,8,1:13:23,Hip Hop,16,1990,Y
Nick Cave & The Bad Seeds,Murder Ballads,1996,8,0:59:29,Rock,10,1990,Y
Barry Adamson,Oedipus Schmoedipus,1996,8,0:55:50,Jazz,13,1990,Y
DJ Shadow,Endtroducing.....,1996,8,1:03:24,hip Hop,13,1990,Y
Fiona Apple,Tidal,1996,8,0:51:29,Rock,10,1990,Y
Belle and Sebastian,Tigermilk,1996,8,0:41:37,Pop,10,1990,Y
Primal Scream,Vanishing Point,1997,6,0:53:31,Dance,11,1990,Y
Mariah Carey,Butterfly,1997,3,0:57:20,RnB,12,1990,Y
David Holmes,Let's Get Killed,1997,3,0:59:45,Electronic,13,1990,Y
The Charlatans,Tellin' Stories,1997,3,0:46:56,Pop,11,1990,Y
Finley Quaye,Maverick a Strike,1997,4,0:51:45,Reggae,13,1990,Y
Cornershop,When I Was Born for the 7th Time,1997,4,0:54:17,Electronic,15,1990,Y
The Dandy Warhols,...The Dandy Warhols Come Down,1997,5,1:06:24,Rock,14,1990,
Supergrass,In It for the Money,1997,5,0:43:01,Pop,12,1990,Y
Missy Misdemeanor Elliott,Supa Dupa Fly,1997,5,1:00:06,Hip Hop,17,1990,Y
Bob Dylan,Time Out of Mind,1997,5,1:12:44,Folk,11,1990,Y
Buena Vista Social Club,Buena Vista Social Club,1997,6,0:59:43,Cuban,14,1990,N
Daft Punk,Homework,1997,6,1:13:31,Electronic,16,1990,Y
Spiritualized,Ladies and Gentlemen We Are Floating in Space,1997,6,1:09:54,Rock,12,1990,Y
Robbie Williams,Life Thru a Lens,1997,6,0:52:38,Pop,12,1990,Y
The Verve,Urban Hymns,1997,6,1:15:51,Pop,13,1990,Y
Robert Wyatt,Shleep,1997,6,0:53:39,Rock,11,1990,Y
The Divine Comedy,A Short Album About Love,1997,7,0:31:56,Pop,7,1990,Y
Sleater-Kinney,Dig Me Out,1997,7,0:36:23,Punk,13,1990,Y
Roni Size & Reprazent,New Forms,1997,7,1:18:49,Electronic,13,1990,Y
Nick Cave & The Bad Seeds,The Boatman's Call,1997,8,0:52:06,Rock,12,1990,Y
The Chemical Brothers,Dig Your Own Hole,1997,8,1:03:19,Electronic,11,1990,Y
Elliott Smith,Either / Or,1997,8,0:36:52,Folk,12,1990,Y
Prodigy,The Fat of the Land,1997,8,0:56:19,Electronic,10,1990,Y
Blur,Blur,1997,9,0:57:06,Rock,14,1990,Y
Radiohead,OK Computer,1997,9,0:53:21,Rock,12,1990,Y
Kid Rock,Devil Without a Cause,1998,1,1:11:12,Rock,14,1990,Y
Korn,Follow the Leader,1998,1,1:10:08,Metal,13,1990,Y
Billy Bragg & Wilco,Mermaid Avenue,1998,2,0:49:20,Country,15,1990,Y
Bob Dylan,"The Bootleg Series Vol. 4: Live 1966 - The ""Royal Albert Hall"" Concert",1998,3,1:35:18,Folk,15,1990,Y
Lucinda Williams,Car Wheels on a Gravel Road,1998,3,0:51:40,Country,13,1990,Y
Talvin Singh,OK,1998,3,1:00:48,Electronic,11,1990,Y
Madonna,Ray of Light,1998,4,1:06:42,Pop,13,1990,Y
Pulp,This Is Hardcore,1998,4,1:09:48,Rock,12,1990,Y
Mercury Rev,Deserter's Songs,1998,5,0:44:38,Pop,12,1990,Y
David Gray,White Ladder,1998,5,0:48:11,Rock,9,1990,Y
Turbonegro,Apocalypse Dudes,1998,6,0:47:28,Punk,13,1990,Y
Hole,Celebrity Skin,1998,6,0:50:23,Rock,12,1990,Y
Manu Chao,Clandestino,1998,6,0:45:45,Reggae,16,1990,N
Lauryn Hill,The Miseducation of Lauryn Hill,1998,6,1:17:46,Hip Hop,16,1990,Y
Fatboy Slim,"You've Come a Long Way, Baby",1998,7,1:01:58,Electronic,11,1990,Y
AIR,Moon Safari,1998,8,0:43:33,Electronic,10,1990,N
Boards of Canada,Music Has the Right to Children,1998,8,1:03:23,Electronic,17,1990,Y
Queens of the Stone Age,Queens of the Stone Age,1998,8,0:46:27,Rock,11,1990,Y
System of a Down,System of a Down,1998,9,0:40:36,Metal,13,1990,Y
Khaled,Kenza,1999,3,1:14:40,Indian,14,1990,N
Britney Spears,...Baby One More Time,1999,3,0:42:20,Pop,11,1990,Y
Incubus,Make Yourself,1999,5,0:48:27,Rock,13,1990,Y
Slipknot,Slipknot,1999,5,1:00:51,Metal,15,1990,Y
Shack,H.M.S. Fable,1999,5,0:46:55,Pop,12,1990,Y
Basement Jaxx,Remedy,1999,6,0:57:02,Electronic,15,1990,Y
Beth Orton,Central Reservation,1999,6,0:58:50,Folk,12,1990,Y
Les Rythmes Digitales,Darkdancer,1999,6,0:53:39,Electronic,12,1990,Y
Bonnie 'Prince' Billy,I See a Darkness,1999,6,0:37:51,Country,11,1990,Y
Eminem,The Slim Shady LP,1999,6,0:59:55,Hip Hop,20,1990,Y
Nitin Sawhney,Beyond Skin,1999,6,0:58:22,Electronic,12,1990,Y
Skunk Anansie,Post Orgasmic Chill,1999,6,0:51:10,Rock,12,1990,Y
Metallica,S&M,1999,7,2:13:01,Metal,21,1990,Y
XTC,Apple Venus Volume 1,1999,7,0:50:02,Pop,11,1990,Y
Red Hot Chili Peppers,Californication,1999,7,0:56:17,Rock,15,1990,Y
Le Tigre,Le Tigre,1999,7,0:34:18,Punk,12,1990,Y
Death in Vegas,The Contino Sessions,1999,7,0:47:55,Electronic,9,1990,Y
The Magnetic Fields,69 Love Songs,1999,6,2:52:04,Pop,69,1990,Y
Travis,The Man Who,1999,7,0:47:30,Pop,10,1990,Y
Sigur Ros,Agaetis Byrjun,1999,8,1:12:09,Rock,10,1990,N
Moby,Play,1999,8,1:03:04,Electronic,18,1990,Y
The Flaming Lips,The Soft Bulletin,1999,10,0:58:26,Rock,14,1990,Y
Limp Bizkit,Chocolate Starfish and the Hot Dog Flavored Water,2000,2,1:15:02,Metal,15,2000,Y
Madonna,Music,2000,3,0:44:40,Pop,10,2000,Y
Giant Sand,Chore of Enchantment,2000,4,0:58:38,Country,16,2000,Y
U2,All That You Can't Leave Behind,2000,4,0:53:03,Rock,12,2000,Y
Linkin Park,Hybrid Theory,2000,4,0:39:00,Metal,12,2000,Y
Mike Ladd,Welcome to the Afterfuture,2000,5,1:02:39,Hip Hop,13,2000,Y
Goldfrapp,Felt Mountain,2000,5,0:39:36,Pop,9,2000,Y
Elliott Smith,Figure 8,2000,5,0:52:06,Folk,16,2000,Y
Ryan Adams,Heartbreaker,2000,5,0:51:57,Country,15,2000,Y
Lambchop,Nixon,2000,5,0:49:44,Pop,10,2000,Y
Coldplay,Parachutes,2000,5,0:41:43,Pop,10,2000,Y
Emmylou Harris,Red Dirt Girl,2000,5,0:55:58,Country,12,2000,Y
Bebel Gilberto,Tanto tempo,2000,5,0:41:02,Jazz,11,2000,N
Eminem,The Marshall Mathers LP,2000,5,1:12:00,Hip Hop,18,2000,Y
Suba,Sao Paulo Confessions,2000,6,1:01:16,Jazz,12,2000,N
MJ Cole,Sincere,2000,6,1:07:27,Electronic,16,2000,Y
Common,Like Water for Chocolate,2000,6,1:17:51,Hip Hop,16,2000,Y
Erykah Badu,Mama's Gun,2000,6,1:11:50,Soul,14,2000,Y
Ute Lemper,Punishing Kiss,2000,6,0:57:24,Pop,12,2000,Y
The Avalanches,Since I Left You,2000,6,1:01:30,Electronic,18,2000,Y
Badly Drawn Boy,The Hour of Bewilderbeast,2000,6,1:03:25,Pop,18,2000,Y
AIR,The Virgin Suicides,2000,6,0:40:31,Pop,13,2000,Y
P J Harvey,"Stories From the City, Stories From the Sea",2000,7,0:47:22,Rock,12,2000,Y
Doves,Lost Souls,2000,7,0:59:09,Pop,12,2000,Y
Red Snapper,Our Aim Is to Satisfy Red Snapper,2000,7,0:56:52,Jazz,11,2000,Y
Radiohead,Kid A,2000,8,0:49:55,Rock,10,2000,Y
OutKast,Stankonia,2000,8,1:13:07,Hip Hop,24,2000,Y
Gillian Welch,Time (The Revelator),2001,1,0:51:34,Country,10,2000,Y
Silver Jews,Bright Flight,2001,3,0:35:18,Rock,10,2000,Y
Destiny's Child,Survivor,2001,3,0:59:37,RnB,15,2000,Y
Drive-By Truckers,Southern Rock Opera,2001,5,1:33:43,Rock,20,2000,Y
The Electric Prunes,I Had Too Much to Dream (Last Night),2001,6,0:34:09,Rock,14,2000,Y
Royksopp,Melody A.M.,2001,6,0:45:58,Electronic,10,2000,Y
The White Stripes,White Blood Cells,2001,6,0:40:36,Rock,16,2000,Y
Gorillaz,Gorillaz,2001,7,1:04:44,Hip Hop,17,2000,Y
Gotan Project,La revancha del tango,2001,7,0:58:40,Electronic,10,2000,N
Radiohead,Amnesiac,2001,7,0:43:50,Rock,11,2000,Y
The Beta Band,Hot Shots II,2001,7,0:45:51,Electronic,10,2000,Y
The Strokes,Is This It,2001,8,0:36:19,Rock,11,2000,Y
Super Furry Animals,Rings Around the World,2001,8,0:52:46,Pop,13,2000,Y
Jay-Z,The Blueprint,2001,8,1:04:16,Hip Hop,13,2000,Y
Bjork,Vespertine,2001,8,0:55:39,Pop,12,2000,Y
The Hives,Your New Favourite Band,2001,8,0:41:38,Rock,12,2000,Y
Christina Aguilera,Stripped,2002,2,1:17:34,Pop,20,2000,Y
Justin Timberlake,Justified,2002,2,1:03:15,RnB,13,2000,Y
Ms Dynamite,A Little Deeper,2002,5,1:01:14,Soul,16,2000,Y
Dexys Midnight Runners,Don't Stand Me Down (The Director's Cut),2002,5,0:51:30,Pop,8,2000,Y
Bruce Springsteen,The Rising,2002,5,1:12:50,Rock,15,2000,Y
Coldplay,A Rush of Blood to the Head,2002,6,0:54:08,Pop,11,2000,Y
Johnny Cash,American IV: The Man Comes Around,2002,6,0:51:56,Country,15,2000,Y
Norah Jones,Come Away With Me,2002,6,0:44:56,Jazz,14,2000,Y
The Vines,Highly Evolved,2002,6,0:43:33,Rock,12,2000,Y
Beck,Sea Change,2002,6,0:52:22,Rock,12,2000,Y
The Bees,Sunshine Hit Me,2002,6,0:39:34,Pop,11,2000,Y
The Coral,The Coral,2002,6,0:42:41,Rock,11,2000,Y
Doves,The Last Broadcast,2002,6,0:54:17,Pop,12,2000,Y
Wilco,Yankee Hotel Foxtrot,2002,7,0:51:34,Rock,11,2000,Y
The Roots,Phrenology,2002,8,1:10:15,Hip Hop,18,2000,Y
Jurassic 5,Power in Numbers,2002,9,0:56:30,Hip Hop,17,2000,Y
The Flaming Lips,Yoshimi Battles the Pink Robots,2002,9,0:47:25,Pop,11,2000,Y
Calexico,Feast of Wire,2003,5,0:47:29,Country,16,2000,Y
Rufus Wainwright,Want One,2003,5,0:58:45,Pop,14,2000,Y
The Thrills,So Much for the City,2003,5,0:46:29,Pop,11,2000,Y
The Mars Volta,De-Loused in the Comatorium,2003,6,1:00:45,Rock,10,2000,Y
The White Stripes,Elephant,2003,6,0:49:47,Rock,14,2000,Y
The Darkness,Permission to Land,2003,6,0:38:08,Rock,10,2000,Y
Kings of Leon,Youth & Young Manhood,2003,6,0:46:01,Rock,12,2000,Y
Yeah Yeah Yeahs,Fever to Tell,2003,7,0:37:25,Rock,11,2000,Y
Amy Winehouse,Frank,2003,7,0:58:40,Soul,13,2000,Y
50 Cent,Get Rich or Die Tryin',2003,7,1:09:29,Hip Hop,19,2000,Y
OutKast,Speakerboxxx / The Love Below,2003,7,2:14:25,Hip Hop,39,2000,Y
Lightning Bolt,Wonderful Rainbow,2003,7,0:41:38,Rock,10,2000,Y
Dizzee Rascal,Boy in da Corner,2003,8,0:57:06,Hip Hop,15,2000,Y
Radiohead,Hail to the Thief,2003,8,0:56:33,Rock,14,2000,Y
N*E*R*D,Fly or Die,2004,3,1:01:01,Rock,12,2000,Y
The Libertines,The Libertines,2004,3,0:42:04,Rock,14,2000,Y
Cee Lo Green,Cee-Lo Green... Is the Soul Machine,2004,5,1:05:25,Hip Hop,18,2000,Y
The Icarus Line,Penance Soiree,2004,5,0:53:38,Rock,13,2000,Y
Green Day,American Idiot,2004,5,0:57:19,Punk,13,2000,Y
Scissor Sisters,Scissor Sisters,2004,5,0:42:54,Pop,11,2000,Y
Devendra Banhart,Rejoicing in the Hands,2004,6,0:42:03,Folk,16,2000,Y
The Streets,A Grand Don't Come for Free,2004,6,0:50:36,Hip Hop,11,2000,Y
Kings of Leon,Aha Shake Heartbreak,2004,6,0:37:40,Rock,13,2000,Y
Mylo,Destroy Rock & Roll,2004,6,0:54:59,Electronic,14,2000,Y
The Beta Band,Heroes to Zeros,2004,6,0:42:11,Rock,12,2000,Y
Kanye West,The College Dropout,2004,6,1:16:13,Hip Hop,21,2000,Y
The Zutons,Who Killed The Zutons?,2004,6,0:40:13,Rock,12,2000,Y
Morrissey,You Are the Quarry,2004,6,0:47:13,Rock,12,2000,Y
Nick Cave & The Bad Seeds,Abattoir Blues / The Lyre of Orpheus,2004,7,1:22:24,Rock,17,2000,Y
Brian Wilson,Smile,2004,7,0:46:55,Pop,17,2000,Y
Liars,"They Were Wrong, So We Drowned",2004,7,0:40:35,Rock,10,2000,Y
Rufus Wainwright,Want Two,2004,7,0:52:53,Pop,12,2000,Y
Ozomatli,Street Signs,2004,7,0:51:40,Hip Hop,13,2000,Y
TV on the Radio,"Desperate Youth, Blood Thirsty Babes",2004,8,0:47:03,Rock,9,2000,Y
Franz Ferdinand,Franz Ferdinand,2004,8,0:38:45,Rock,11,2000,Y
Arcade Fire,Funeral,2004,8,0:47:56,Rock,10,2000,Y
Bjork,Medulla,2004,8,0:45:39,Pop,14,2000,Y
The Killers,Hot Fuss,2004,9,0:46:37,Rock,11,2000,Y
The White Stripes,Get Behind Me Satan,2005,3,0:44:07,Rock,13,2000,Y
Beck,Guero,2005,6,0:49:55,Rock,13,2000,Y
Richard Hawley,Coles Corner,2005,7,0:46:10,Pop,11,2000,Y
M.I.A.,Arular,2005,7,0:35:08,Hip Hop,12,2000,Y
Sufjan Stevens,Illinois,2005,7,1:13:59,Pop,22,2000,Y
Common,Be,2005,8,0:42:33,Hip Hop,11,2000,Y
Antony and the Johnsons,I Am a Bird Now,2005,10,0:35:24,Pop,10,2000,Y
Amy Winehouse,Back to Black,2006,7,0:34:53,Soul,11,2000,Y
Christina Aguilera,Back to Basics,2006,2,1:18:43,Pop,22,2000,Y
Lupe Fiasco,Lupe Fiasco's Food & Liquor,2006,6,1:12:06,Hip Hop,16,2000,Y
Ghostface Killah,Fishscale,2006,7,1:04:48,Hip Hop,23,2000,Y
Ali Farka Toure,Savane,2006,6,0:58:37,Blues,13,2000,N
Muse,Black Holes and Revelations,2006,6,0:42:25,Rock,11,2000,Y
Joanna Newsom,Ys,2006,7,0:55:41,Folk,5,2000,Y
Arctic Monkeys,"Whatever People Say I Am, That's What I'm Not",2006,8,0:40:58,Rock,13,2000,Y
Klaxons,Myths of the Near Future,2007,6,0:53:46,Punk,11,2000,Y
LCD Soundsystem,Sound of Silver,2007,7,0:55:55,Dance,9,2000,Y
Radiohead,In Rainbows,2007,8,0:42:38,Rock,10,2000,Y
Arcade Fire,Neon Bible,2007,7,0:46:56,Rock,11,2000,Y
M.I.A.,Kala,2007,7,0:47:34,Hip Hop,12,2000,Y
"The Good, the Bad & the Queen","The Good, the Bad & the Queen",2007,3,0:42:49,Rock,12,2000,Y
Justice,Cross,2007,7,0:48:07,Electronic,12,2000,Y
Q-Tip,The Renaissance,2008,8,0:43:17,Hip Hop,12,2000,Y
Kings of Leon,Only by the Night,2008,7,0:43:03,Rock,11,2000,Y
Fleet Foxes,Fleet Foxes,2008,7,0:39:22,Folk,11,2000,Y
The Last Shadow Puppets,The Age of the Understatement,2008,5,0:34:48,Rock,12,2000,Y
Elbow,The Seldom Seen Kid,2008,6,0:57:26,Rock,12,2000,Y
Portishead,Third,2008,7,0:49:16,Electronic,11,2000,Y
MGMT,Oracular Spectacular,2008,8,0:40:23,Electronic,10,2000,Y
Goldfrapp,Seventh Tree,2008,6,0:41:52,Pop,10,2000,Y
TV on the Radio,Dear Science,2008,8,0:50:21,Rock,11,2000,Y
Slipknot,All Hope is Gone,2008,2,0:57:57,Metal,12,2000,Y
Wild Beasts,Two Dancers,2009,6,0:37:32,Rock,10,2000,Y
Bill Callahan,Sometimes I Wish We Were an Eagle,2009,7,0:48:14,Country,9,2000,Y
Animal Collective,Merriweather Post Pavilion,2009,8,0:54:45,Pop,11,2000,Y
Grizzly Bear,Veckatimest,2009,5,0:52:26,Folk,12,2000,Y
Yeah Yeah Yeahs,It's Blitz!,2009,6,0:41:45,Punk,10,2000,Y
Dirty Projectors,Bitte Orca,2009,5,0:41:06,Pop,9,2000,Y
The xx,xx,2009,7,0:38:35,Pop,11,2000,Y
Fever Ray,Fever Ray,2009,7,0:47:45,Pop,10,2000,Y
Beach House,Teen Dream,2010,5,0:48:40,Pop,10,2010,Y
The Black Keys,Brothers,2010,6,0:54:48,Rock,15,2010,Y
Kanye West,My Beautiful Dark Twisted Fantasy,2010,7,1:08:36,Hip Hop,13,2010,Y
John Grant,Queen of Denmark,2010,9,0:51:15,Folk,12,2010,Y
Janelle Monae,The ArchAndroid,2010,5,1:08:44,RnB,18,2010,Y
The National,High Violet,2010,6,0:47:40,Rock,11,2010,Y
Deerhunter,Halcyon Digest,2010,6,0:45:57,Pop,11,2010,Y
Arcade Fire,The Suburbs,2010,7,1:03:55,Rock,16,2010,Y
Adele,21,2011,7,0:48:00,Soul,11,2010,Y
PJ Harvey,Let England Shake,2011,7,0:40:04,Rock,12,2010,Y
White Denim,D,2011,7,0:37:06,Rock,10,2010,Y
Kendrick Lamar,"good kid, m.A.A.d city",2012,9,1:08:16,Hip Hop,12,2010,Y
Hot Chip,In Our Heads,2012,6,0:56:54,Pop,11,2010,Y
Frank Ocean,channel ORANGE,2012,5,0:55:51,RnB,17,2010,Y
Jack White,Blunderbuss,2012,5,0:41:52,Rock,13,2010,Y
Django Django,Django Django,2012,8,0:48:30,Rock,13,2010,Y
My Bloody Valentine,m b v,2013,6,0:46:36,Rock,9,2010,Y
Kanye West,Yeezus,2013,9,0:40:06,Hip Hop,10,2010,Y
David Bowie,The Next Day,2013,6,0:53:42,Rock,14,2010,Y
CHVRCHES,The Bones of What You Believe,2013,5,0:48:04,Pop,12,2010,Y
Beyonce,BEYONCE,2013,6,1:06:45,Pop,14,2010,Y
Taylor Swift,1989,2014,4,0:48:40,Pop,13,2010,Y
FKA Twigs,LP1,2014,6,0:40:46,Pop,10,2010,Y
The War on Drugs,Lost in the Dream,2014,7,1:00:40,Rock,10,2010,Y
Adele,25,2015,6,0:48:26,Pop,11,2010,Y
Bjork,Vulnicura,2015,7,0:58:36,Electronic,9,2010,Y
Kendrick Lamar,To Pimp a Butterfly,2015,10,1:18:51,Hip Hop,16,2010,Y
Songhoy Blues,Music in Exile,2015,7,0:39:40,Blues,11,2010,N
Skepta,Konnichiwa,2016,6,0:44:07,Hip Hop,12,2010,Y
Solange,A Seat at the Table,2016,5,0:51:43,Pop,21,2010,Y
David Bowie,Blackstar,2016,7,0:41:13,Rock,7,2010,Y
Leonard Cohen,You Want It Darker,2016,8,0:36:07,Folk,9,2010,Y
The xx,I See You,2017,7,0:39:15,Electronic,10,2010,Y
Jane Weaver,Modern Kosmology,2017,5,0:43:59,Pop,10,2010,Y
LCD Soundsystem,American Dream,2017,6,1:08:38,Pop,10,2010,Y
Lorde,Melodrama,2017,9,0:40:59,Pop,11,2010,Y
Thundercat,Drunk,2017,7,0:51:24,Jazz,23,2010,Y
Kelela,Take Me Apart,2017,6,0:53:46,RnB,14,2010,Y
SZA,Ctrl,2017,5,0:49:01,RnB,14,2010,Y
Hookworms,Microshift,2018,5,0:46:39,Rock,9,2010,Y
Christine and the Queens,Chris,2018,7,0:44:28,Pop,11,2010,N
Kacey Musgraves,Golden Hour,2018,4,0:45:44,Country,13,2010,Y
Little Simz,GREY Area,2019,6,0:35:25,Hip Hop,10,2010,Y
Michael Kiwanuka,Kiwanuka,2019,5,0:51:13,Soul,14,2010,Y
Nick Cave & The Bad Seeds,Ghosteen,2019,7,1:08:10,Folk,11,2010,Y
Fiona Apple,Fetch the Bolt Cutters,2020,6,0:51:49,Pop,13,2020,Y
Sault,Untitled (Black Is),2020,6,0:56:35,Soul,20,2020,Y
Taylor Swift,Evermore,2020,4,1:00:38,Folk,15,2020,Y
Lana Del Rey,Chemtrails Over the Country Club,2021,7,0:45:28,Folk,11,2020,Y
Jazmine Sullivan,Heaux Tales,2021,8,0:32:21,RnB,14,2020,Y
